month,orders,active_customers,net_revenue_usd,gross_margin_usd,avg_order_value_usd,new_customers,churned_customers,churn_rate,month_key
2023-01-01,12,12,2264.54,803.0799999999999,188.71166666666667,12,0,0.0,20230101
2023-02-01,21,20,7454.44,2631.48,354.9733333333333,20,0,0.0,20230201
2023-03-01,36,33,7505.38,2658.03,208.48277777777778,30,0,0.0,20230301
2023-04-01,57,55,13656.23,4937.07,239.58298245614034,52,0,0.0,20230401
2023-05-01,83,76,21903.27,7865.82,263.8948192771084,65,0,0.0,20230501
2023-06-01,114,113,24473.26,8880.1,214.6777192982456,96,0,0.0,20230601
2023-07-01,117,112,28265.77,10310.82,241.58777777777777,94,0,0.0,20230701
2023-08-01,122,117,27293.85,9888.41,223.7200819672131,93,0,0.0,20230801
2023-09-01,146,141,41610.909999999996,15458.24,285.0062328767123,96,0,0.0,20230901
2023-10-01,182,174,45741.4,16706.14,251.32637362637362,124,0,0.0,20231001
2023-11-01,194,188,51582.05,18973.68,265.8868556701031,121,0,0.0,20231101
2023-12-01,213,208,61006.12,22229.12,286.4137089201878,136,0,0.0,20231201
2024-01-01,203,197,56714.27,20777.62,279.38064039408863,117,0,0.0,20240101
2024-02-01,203,198,53283.37,19126.48,262.4796551724138,116,0,0.0,20240201
2024-03-01,269,246,68071.07,24908.21,253.0523048327138,143,0,0.0,20240301
2024-04-01,315,302,80961.58,29613.51,257.0208888888889,164,0,0.0,20240401
2024-05-01,370,353,101930.36,36887.11,275.48745945945944,198,0,0.0,20240501
2024-06-01,377,358,99010.35,36209.24,262.6269230769231,188,0,0.0,20240601
2024-07-01,422,401,108767.33,39786.9,257.7424881516588,221,0,0.0,20240701
2024-08-01,408,397,115182.03,42300.2,282.3088970588235,205,25,0.0623,20240801
2024-09-01,450,430,113450.08,41311.32,252.11128888888888,217,74,0.1864,20240901
2024-10-01,458,437,126593.51,45589.45,276.40504366812223,226,80,0.186,20241001
2024-11-01,458,432,117557.21,42617.09,256.67513100436685,211,84,0.1922,20241101
2024-12-01,518,491,129249.99,47031.76,249.51735521235523,238,82,0.1898,20241201
2025-01-01,518,486,130037.34,46805.21,251.0373359073359,228,113,0.2301,20250101
2025-02-01,528,496,135663.17,49006.05,256.937821969697,225,75,0.1543,20250201
2025-03-01,606,570,161159.46,58765.17,265.939702970297,258,107,0.2157,20250301
2025-04-01,590,562,154346.94,56443.0,261.60498305084747,242,128,0.2246,20250401
2025-05-01,609,581,158769.48,56929.6,260.70522167487684,228,130,0.2313,20250501
2025-06-01,609,577,165056.61,60217.7,271.02891625615763,247,154,0.2651,20250601
2025-07-01,742,683,184535.12,66953.68,248.69962264150942,328,185,0.3206,20250701
2025-08-01,792,724,202942.57,72632.03,256.2406186868687,350,171,0.2504,20250801
2025-09-01,1104,1039,288075.9,104992.81,260.93831521739133,406,186,0.2569,20250901
2025-10-01,1140,1053,284180.95,103502.94,249.2815350877193,452,212,0.204,20251001
2025-11-01,2424,2282,626851.32,228654.9,258.6020297029703,957,252,0.2393,20251101
2025-12-01,2210,2092,559072.83,203950.88,252.97413122171943,896,367,0.1608,20251201
