month,active_start,new_customers,churned_customers,active_end,churn_rate,monthly_recurring_revenue_lost_usd,annualized_revenue_lost_usd
2023-01-01,1366,122,25,1463,0.018302,1548.29,18579.48
2023-02-01,1463,121,34,1550,0.02324,1879.21,22550.52
2023-03-01,1550,137,34,1653,0.021935,2169.97,26039.64
2023-04-01,1653,138,27,1764,0.016334,1569.05,18828.6
2023-05-01,1764,117,33,1848,0.018707,2371.15,28453.8
2023-06-01,1848,118,38,1928,0.020563,2576.96,30923.52
2023-07-01,1928,128,33,2023,0.017116,2301.76,27621.12
2023-08-01,2023,138,33,2128,0.016312,2330.62,27967.44
2023-09-01,2128,121,42,2207,0.019737,2402.51,28830.12
2023-10-01,2207,149,45,2311,0.02039,3228.04,38736.48
2023-11-01,2311,114,39,2386,0.016876,2654.04,31848.48
2023-12-01,2386,139,31,2494,0.012992,1890.13,22681.56
2024-01-01,2494,147,39,2602,0.015638,2542.4,30508.8
2024-02-01,2602,129,43,2688,0.016526,2519.05,30228.6
2024-03-01,2688,132,46,2774,0.017113,3020.54,36246.48
2024-04-01,2774,118,35,2857,0.012617,2444.22,29330.64
2024-05-01,2857,133,55,2935,0.019251,3465.0,41580.0
2024-06-01,2935,113,40,3008,0.013629,2604.38,31252.56
2024-07-01,3008,122,48,3082,0.015957,2942.07,35304.84
2024-08-01,3082,113,58,3137,0.018819,3290.5,39486.0
2024-09-01,3137,102,51,3188,0.016258,3442.36,41308.32
2024-10-01,3188,126,48,3266,0.015056,3338.36,40060.32
2024-11-01,3266,130,51,3345,0.015615,3341.67,40100.04
2024-12-01,3345,155,53,3447,0.015845,3336.97,40043.64
2025-01-01,3447,136,50,3533,0.014505,3423.19,41078.28
2025-02-01,3533,117,58,3592,0.016417,3971.89,47662.68
2025-03-01,3592,113,61,3644,0.016982,3899.73,46796.76
2025-04-01,3644,136,44,3736,0.012075,2983.85,35806.2
2025-05-01,3736,127,52,3811,0.013919,3013.8,36165.6
2025-06-01,3811,114,67,3858,0.017581,4106.86,49282.32
2025-07-01,3858,110,61,3907,0.015811,3830.31,45963.72
2025-08-01,3907,158,50,4015,0.012798,3098.98,37187.76
2025-09-01,4015,112,58,4069,0.014446,3473.36,41680.32
2025-10-01,4069,132,66,4135,0.01622,4077.31,48927.72
2025-11-01,4135,138,72,4201,0.017412,4543.79,54525.48
2025-12-01,4201,0,63,4138,0.014996,4148.8,49785.6
