ticket_id,customer_id,opened_date,category,resolution_hours,satisfaction_score
T-0003-1,3,2026-01-24,Onboarding,45,3
T-0005-1,5,2026-05-07,Soporte técnico,18,3
T-0005-2,5,2026-01-10,Soporte técnico,41,3
T-0006-1,6,2025-12-26,Soporte técnico,56,2
T-0007-1,7,2026-09-27,Facturación,54,4
T-0007-2,7,2026-09-01,Soporte técnico,69,4
T-0009-1,9,2026-05-22,Facturación,18,1
T-0012-1,12,2026-09-20,Facturación,76,4
T-0012-2,12,2026-04-23,Producto,31,1
T-0012-3,12,2026-09-08,Facturación,85,5
T-0013-1,13,2026-06-12,Producto,30,3
T-0016-1,16,2026-02-10,Producto,41,5
T-0017-1,17,2026-09-01,Producto,81,3
T-0018-1,18,2026-08-29,Producto,16,2
T-0021-1,21,2026-02-03,Soporte técnico,79,3
T-0022-1,22,2026-04-07,Soporte técnico,23,4
T-0022-2,22,2025-11-12,Facturación,27,2
T-0024-1,24,2026-09-15,Facturación,55,4
T-0024-2,24,2025-11-24,Producto,28,2
T-0024-3,24,2025-12-27,Producto,16,3
T-0028-1,28,2026-08-10,Onboarding,51,4
T-0028-2,28,2026-08-26,Onboarding,84,3
T-0028-3,28,2026-08-25,Facturación,20,2
T-0029-1,29,2026-08-21,Onboarding,53,4
T-0034-1,34,2026-09-18,Soporte técnico,78,4
T-0034-2,34,2026-09-19,Onboarding,44,3
T-0035-1,35,2025-12-19,Soporte técnico,84,5
T-0037-1,37,2026-05-28,Producto,10,4
T-0037-2,37,2026-07-09,Soporte técnico,85,1
T-0037-3,37,2026-08-01,Soporte técnico,57,4
T-0038-1,38,2026-05-10,Producto,93,4
T-0040-1,40,2026-08-10,Facturación,8,4
T-0040-2,40,2026-07-19,Onboarding,28,2
T-0040-3,40,2026-07-23,Soporte técnico,33,4
T-0040-4,40,2026-08-13,Producto,67,2
T-0042-1,42,2026-01-10,Facturación,76,5
T-0042-2,42,2026-08-05,Producto,85,5
T-0042-3,42,2025-12-05,Onboarding,51,5
T-0043-1,43,2026-08-03,Soporte técnico,75,1
T-0043-2,43,2026-05-25,Producto,80,3
T-0044-1,44,2026-03-01,Soporte técnico,70,2
T-0044-2,44,2026-07-21,Onboarding,31,5
T-0045-1,45,2026-07-14,Onboarding,50,5
T-0046-1,46,2026-06-18,Soporte técnico,20,5
T-0047-1,47,2026-06-15,Producto,25,2
T-0047-2,47,2025-11-28,Soporte técnico,10,5
T-0048-1,48,2026-07-16,Producto,38,4
T-0048-2,48,2025-12-22,Onboarding,6,3
T-0049-1,49,2026-03-07,Facturación,48,4
T-0051-1,51,2026-07-15,Facturación,39,3
T-0051-2,51,2026-07-15,Producto,33,5
T-0051-3,51,2025-10-29,Producto,70,3
T-0052-1,52,2026-02-16,Producto,79,4
T-0056-1,56,2026-02-21,Producto,29,4
T-0061-1,61,2026-09-14,Soporte técnico,35,3
T-0061-2,61,2026-01-03,Facturación,17,4
T-0062-1,62,2026-01-01,Facturación,88,3
T-0062-2,62,2026-07-02,Onboarding,50,1
T-0062-3,62,2026-04-17,Soporte técnico,20,5
T-0063-1,63,2026-09-26,Facturación,17,4
T-0064-1,64,2026-06-10,Soporte técnico,85,1
T-0064-2,64,2026-03-11,Onboarding,40,3
T-0064-3,64,2026-09-18,Soporte técnico,59,2
T-0068-1,68,2026-09-17,Onboarding,74,1
T-0069-1,69,2026-07-14,Producto,23,3
T-0070-1,70,2025-10-07,Onboarding,75,5
T-0070-2,70,2025-10-25,Soporte técnico,30,4
T-0072-1,72,2026-03-28,Soporte técnico,9,5
T-0072-2,72,2025-12-07,Onboarding,17,4
T-0073-1,73,2026-07-19,Facturación,80,5
T-0073-2,73,2026-01-01,Producto,64,5
T-0073-3,73,2025-11-12,Facturación,84,5
T-0075-1,75,2026-04-16,Facturación,63,5
T-0076-1,76,2026-06-06,Facturación,3,3
T-0076-2,76,2026-09-15,Producto,75,3
T-0077-1,77,2026-02-22,Onboarding,57,3
T-0077-2,77,2026-08-10,Producto,21,3
T-0078-1,78,2026-07-07,Soporte técnico,87,3
T-0078-2,78,2026-06-05,Soporte técnico,9,3
T-0078-3,78,2025-12-30,Facturación,28,4
T-0080-1,80,2026-01-11,Producto,34,4
T-0081-1,81,2025-12-16,Onboarding,13,4
T-0081-2,81,2025-11-19,Soporte técnico,59,5
T-0081-3,81,2025-12-03,Soporte técnico,25,3
T-0082-1,82,2025-11-13,Producto,81,4
T-0083-1,83,2025-10-07,Onboarding,28,5
T-0083-2,83,2026-05-06,Soporte técnico,55,4
T-0085-1,85,2026-08-31,Producto,33,3
T-0085-2,85,2025-12-15,Facturación,93,3
T-0086-1,86,2026-09-29,Soporte técnico,33,1
T-0087-1,87,2026-05-01,Facturación,38,2
T-0087-2,87,2026-09-21,Soporte técnico,3,2
T-0087-3,87,2026-09-20,Facturación,93,3
T-0088-1,88,2026-07-03,Soporte técnico,10,3
T-0089-1,89,2026-09-14,Onboarding,92,3
T-0089-2,89,2025-10-09,Facturación,92,5
T-0089-3,89,2026-02-12,Soporte técnico,55,3
T-0090-1,90,2026-08-21,Soporte técnico,87,4
T-0091-1,91,2026-09-22,Facturación,36,4
T-0091-2,91,2026-06-18,Producto,86,3
T-0099-1,99,2026-08-10,Soporte técnico,70,5
T-0100-1,100,2025-12-08,Onboarding,45,5
T-0101-1,101,2025-10-25,Onboarding,70,4
T-0101-2,101,2026-07-18,Facturación,51,5
T-0103-1,103,2026-02-17,Onboarding,10,4
T-0103-2,103,2026-07-03,Producto,75,4
T-0104-1,104,2025-10-14,Soporte técnico,20,5
T-0106-1,106,2026-08-15,Onboarding,11,3
T-0106-2,106,2026-06-01,Soporte técnico,81,3
T-0107-1,107,2026-03-19,Onboarding,52,3
T-0108-1,108,2026-07-23,Onboarding,76,4
T-0108-2,108,2026-03-27,Facturación,16,5
T-0108-3,108,2025-12-06,Producto,40,4
T-0110-1,110,2026-03-12,Producto,86,3
T-0110-2,110,2025-12-18,Soporte técnico,19,4
T-0110-3,110,2026-05-24,Facturación,77,4
T-0111-1,111,2026-01-29,Soporte técnico,89,5
T-0111-2,111,2026-02-25,Soporte técnico,9,5
T-0111-3,111,2025-12-10,Facturación,55,3
T-0114-1,114,2026-09-27,Soporte técnico,26,4
T-0116-1,116,2026-01-21,Onboarding,86,1
T-0116-2,116,2026-02-21,Soporte técnico,20,4
T-0118-1,118,2025-10-17,Facturación,39,5
T-0119-1,119,2025-12-24,Onboarding,17,5
T-0121-1,121,2026-07-10,Facturación,43,4
T-0123-1,123,2026-08-24,Facturación,2,4
T-0123-2,123,2026-08-15,Soporte técnico,87,3
T-0124-1,124,2026-03-05,Facturación,85,4
T-0127-1,127,2026-09-06,Facturación,84,4
T-0128-1,128,2026-01-21,Facturación,55,5
T-0130-1,130,2026-01-20,Onboarding,68,3
T-0130-2,130,2025-11-13,Onboarding,11,3
T-0132-1,132,2026-06-07,Onboarding,43,3
T-0133-1,133,2026-08-26,Soporte técnico,35,3
T-0133-2,133,2025-11-25,Facturación,53,4
T-0133-3,133,2026-02-23,Producto,63,3
T-0134-1,134,2026-05-14,Facturación,42,3
T-0134-2,134,2026-03-14,Onboarding,7,5
T-0135-1,135,2025-11-24,Producto,82,4
T-0135-2,135,2026-09-11,Producto,26,4
T-0137-1,137,2026-04-09,Facturación,26,3
T-0137-2,137,2026-06-12,Facturación,74,3
T-0138-1,138,2026-05-28,Producto,93,4
T-0139-1,139,2026-01-10,Producto,7,1
T-0142-1,142,2025-12-24,Soporte técnico,51,1
T-0143-1,143,2025-11-07,Facturación,10,1
T-0143-2,143,2025-10-03,Facturación,5,4
T-0143-3,143,2026-06-04,Facturación,4,4
T-0148-1,148,2026-06-18,Soporte técnico,22,5
T-0148-2,148,2026-08-15,Producto,10,2
T-0148-3,148,2025-10-15,Facturación,30,3
T-0149-1,149,2026-09-09,Soporte técnico,55,2
T-0150-1,150,2026-04-27,Onboarding,61,5
T-0150-2,150,2026-09-04,Facturación,86,5
T-0151-1,151,2026-07-29,Soporte técnico,20,4
T-0153-1,153,2026-05-31,Onboarding,82,5
T-0156-1,156,2026-03-08,Producto,66,4
T-0158-1,158,2026-08-17,Producto,94,4
T-0158-2,158,2026-08-08,Soporte técnico,71,5
T-0165-1,165,2025-11-17,Facturación,73,3
T-0165-2,165,2026-06-29,Producto,94,4
T-0167-1,167,2025-10-29,Soporte técnico,53,4
T-0167-2,167,2026-08-18,Producto,30,5
T-0168-1,168,2026-09-02,Facturación,41,3
T-0168-2,168,2026-09-17,Facturación,67,5
T-0169-1,169,2025-12-17,Producto,41,3
T-0171-1,171,2025-12-08,Producto,70,2
T-0171-2,171,2025-10-05,Producto,15,2
T-0172-1,172,2026-07-14,Soporte técnico,43,4
T-0172-2,172,2026-04-13,Soporte técnico,19,3
T-0172-3,172,2025-11-13,Onboarding,46,3
T-0173-1,173,2026-01-15,Soporte técnico,2,4
T-0173-2,173,2026-08-25,Soporte técnico,83,3
T-0174-1,174,2025-12-26,Soporte técnico,32,3
T-0174-2,174,2026-06-29,Producto,41,2
T-0175-1,175,2025-12-22,Facturación,65,3
T-0175-2,175,2026-05-17,Soporte técnico,76,5
T-0175-3,175,2025-10-13,Soporte técnico,92,5
T-0176-1,176,2026-08-08,Facturación,57,3
T-0178-1,178,2025-11-02,Facturación,64,4
T-0178-2,178,2026-01-07,Soporte técnico,38,3
T-0181-1,181,2026-04-28,Soporte técnico,35,1
T-0181-2,181,2025-12-03,Soporte técnico,70,4
T-0185-1,185,2026-03-14,Facturación,38,4
T-0186-1,186,2026-07-24,Soporte técnico,6,5
T-0186-2,186,2026-03-22,Producto,69,4
T-0187-1,187,2026-05-09,Facturación,73,4
T-0188-1,188,2026-09-22,Onboarding,38,4
T-0188-2,188,2026-08-18,Soporte técnico,28,1
T-0189-1,189,2025-11-25,Soporte técnico,42,2
T-0189-2,189,2026-03-12,Soporte técnico,84,4
T-0190-1,190,2026-08-14,Producto,67,2
T-0190-2,190,2026-06-16,Facturación,91,5
T-0191-1,191,2026-03-22,Onboarding,78,4
T-0191-2,191,2026-05-16,Producto,51,3
T-0191-3,191,2026-06-13,Producto,4,4
T-0191-4,191,2026-08-12,Facturación,45,4
T-0192-1,192,2026-07-12,Facturación,47,3
T-0192-2,192,2025-10-10,Onboarding,64,4
T-0192-3,192,2026-09-10,Facturación,65,5
T-0195-1,195,2026-05-07,Onboarding,23,4
T-0197-1,197,2026-10-02,Producto,16,2
T-0201-1,201,2026-05-24,Producto,81,3
T-0201-2,201,2026-09-04,Onboarding,7,5
T-0202-1,202,2025-12-06,Producto,11,3
T-0202-2,202,2026-05-07,Soporte técnico,18,3
T-0203-1,203,2026-01-02,Facturación,57,4
T-0203-2,203,2026-02-26,Producto,30,5
T-0205-1,205,2026-04-11,Producto,13,5
T-0206-1,206,2026-06-10,Facturación,40,5
T-0207-1,207,2026-08-20,Soporte técnico,94,3
T-0208-1,208,2026-03-28,Soporte técnico,71,4
T-0208-2,208,2026-05-20,Facturación,33,2
T-0209-1,209,2026-06-05,Facturación,4,1
T-0209-2,209,2026-09-20,Producto,86,5
T-0210-1,210,2026-08-31,Onboarding,77,4
T-0211-1,211,2026-04-08,Onboarding,70,2
T-0212-1,212,2026-06-15,Producto,22,5
T-0212-2,212,2026-03-19,Producto,48,1
T-0214-1,214,2026-02-13,Soporte técnico,89,3
T-0214-2,214,2026-09-24,Onboarding,86,3
T-0216-1,216,2026-05-31,Onboarding,41,3
T-0217-1,217,2026-08-09,Facturación,20,3
T-0217-2,217,2026-03-31,Facturación,52,3
T-0217-3,217,2026-05-05,Producto,39,1
T-0219-1,219,2026-02-08,Producto,44,1
T-0219-2,219,2025-12-15,Producto,45,2
T-0220-1,220,2026-05-07,Facturación,82,2
T-0220-2,220,2026-02-26,Producto,87,5
T-0220-3,220,2026-09-08,Onboarding,96,5
T-0221-1,221,2026-08-30,Facturación,12,4
T-0224-1,224,2025-12-05,Producto,89,3
T-0224-2,224,2026-02-01,Onboarding,61,2
T-0227-1,227,2026-03-17,Producto,74,3
T-0228-1,228,2026-08-30,Facturación,66,3
T-0228-2,228,2026-09-18,Facturación,54,5
T-0228-3,228,2026-09-09,Producto,3,4
T-0229-1,229,2026-08-13,Soporte técnico,63,3
T-0230-1,230,2026-02-16,Onboarding,35,5
T-0231-1,231,2025-11-14,Facturación,53,1
T-0231-2,231,2026-08-21,Facturación,4,3
T-0232-1,232,2026-07-11,Producto,64,4
T-0233-1,233,2025-10-24,Facturación,26,3
T-0234-1,234,2026-08-05,Onboarding,81,1
T-0234-2,234,2026-07-19,Onboarding,28,5
T-0237-1,237,2026-08-27,Onboarding,63,4
T-0237-2,237,2026-09-26,Facturación,59,3
T-0238-1,238,2025-12-03,Soporte técnico,74,4
T-0239-1,239,2026-07-12,Soporte técnico,8,4
T-0239-2,239,2026-01-06,Producto,54,5
T-0239-3,239,2026-05-12,Facturación,11,4
T-0241-1,241,2026-08-29,Facturación,11,3
T-0242-1,242,2026-03-22,Facturación,85,3
T-0244-1,244,2026-04-05,Facturación,91,3
T-0244-2,244,2026-06-01,Soporte técnico,96,4
T-0246-1,246,2026-10-01,Facturación,41,5
T-0247-1,247,2026-09-09,Facturación,90,3
T-0247-2,247,2026-08-26,Facturación,24,1
T-0247-3,247,2026-09-28,Soporte técnico,83,4
T-0247-4,247,2026-08-18,Onboarding,26,1
T-0247-5,247,2026-09-27,Soporte técnico,79,4
T-0249-1,249,2026-09-15,Soporte técnico,93,3
T-0251-1,251,2026-04-06,Producto,44,5
T-0253-1,253,2025-10-06,Facturación,89,3
T-0255-1,255,2026-04-15,Producto,86,4
T-0256-1,256,2026-07-24,Onboarding,16,5
T-0257-1,257,2026-07-27,Facturación,47,2
T-0257-2,257,2025-11-01,Soporte técnico,96,4
T-0260-1,260,2026-03-15,Producto,39,4
T-0260-2,260,2026-09-12,Producto,8,5
T-0260-3,260,2026-04-17,Soporte técnico,52,2
T-0261-1,261,2026-06-05,Producto,61,3
T-0261-2,261,2026-05-15,Producto,2,3
T-0262-1,262,2025-12-08,Soporte técnico,86,5
T-0262-2,262,2026-06-03,Soporte técnico,79,5
T-0262-3,262,2026-06-04,Onboarding,56,4
T-0263-1,263,2025-10-03,Facturación,10,4
T-0266-1,266,2026-03-04,Facturación,95,5
T-0267-1,267,2025-10-08,Onboarding,44,3
T-0270-1,270,2026-05-06,Producto,62,3
T-0272-1,272,2026-05-10,Facturación,76,4
T-0273-1,273,2026-06-10,Facturación,78,5
T-0274-1,274,2026-09-24,Onboarding,22,3
T-0275-1,275,2026-05-22,Facturación,3,2
T-0275-2,275,2025-10-28,Producto,15,3
T-0275-3,275,2026-04-17,Facturación,23,4
T-0277-1,277,2026-01-20,Onboarding,18,3
T-0277-2,277,2026-01-07,Onboarding,18,5
T-0277-3,277,2026-03-15,Facturación,83,4
T-0279-1,279,2026-09-27,Soporte técnico,57,3
T-0280-1,280,2026-05-29,Onboarding,22,5
T-0280-2,280,2026-05-28,Producto,59,1
T-0281-1,281,2026-02-02,Soporte técnico,28,1
T-0281-2,281,2026-08-07,Producto,23,1
T-0282-1,282,2025-12-06,Onboarding,26,3
T-0284-1,284,2026-02-11,Producto,43,4
T-0285-1,285,2026-05-28,Producto,76,4
T-0285-2,285,2026-01-03,Facturación,29,5
T-0286-1,286,2026-02-21,Producto,8,4
T-0286-2,286,2026-03-17,Soporte técnico,69,3
T-0287-1,287,2026-08-30,Onboarding,23,4
T-0287-2,287,2025-10-13,Soporte técnico,96,5
T-0288-1,288,2026-03-05,Facturación,37,5
T-0288-2,288,2026-06-28,Facturación,75,3
T-0288-3,288,2026-08-29,Soporte técnico,79,5
T-0289-1,289,2026-04-13,Onboarding,23,5
T-0289-2,289,2026-09-07,Onboarding,30,3
T-0290-1,290,2026-07-28,Producto,43,1
T-0290-2,290,2025-11-19,Producto,56,3
T-0290-3,290,2026-02-19,Producto,40,3
T-0290-4,290,2026-09-14,Facturación,29,4
T-0293-1,293,2026-04-01,Producto,31,1
T-0293-2,293,2026-01-31,Producto,83,5
T-0294-1,294,2026-09-27,Soporte técnico,33,2
T-0294-2,294,2026-08-28,Facturación,6,3
T-0294-3,294,2026-07-06,Onboarding,57,4
T-0296-1,296,2026-08-15,Soporte técnico,32,4
T-0297-1,297,2026-04-22,Producto,13,4
T-0298-1,298,2026-03-07,Soporte técnico,11,3
T-0299-1,299,2026-05-26,Producto,29,5
T-0299-2,299,2026-03-05,Facturación,26,5
T-0300-1,300,2026-08-08,Producto,61,2
T-0301-1,301,2026-07-23,Facturación,54,5
T-0303-1,303,2026-08-27,Facturación,85,5
T-0304-1,304,2026-08-22,Facturación,20,3
T-0304-2,304,2026-07-31,Soporte técnico,65,4
T-0304-3,304,2026-09-23,Facturación,67,3
T-0305-1,305,2026-06-23,Onboarding,43,4
T-0306-1,306,2025-12-19,Producto,78,4
T-0306-2,306,2026-06-03,Soporte técnico,94,3
T-0307-1,307,2026-03-16,Producto,75,3
T-0310-1,310,2026-08-09,Facturación,46,4
T-0311-1,311,2026-06-02,Producto,27,4
T-0311-2,311,2026-09-03,Producto,90,3
T-0311-3,311,2026-05-26,Onboarding,54,5
T-0312-1,312,2026-08-29,Facturación,22,5
T-0312-2,312,2026-08-30,Producto,15,1
T-0312-3,312,2026-10-02,Facturación,37,1
T-0313-1,313,2026-01-03,Producto,94,5
T-0313-2,313,2026-03-27,Facturación,81,5
T-0315-1,315,2026-08-04,Soporte técnico,32,1
T-0315-2,315,2025-10-22,Facturación,17,4
T-0315-3,315,2026-03-20,Producto,94,4
T-0315-4,315,2025-12-14,Facturación,83,3
T-0316-1,316,2025-10-12,Facturación,70,4
T-0318-1,318,2026-05-12,Onboarding,6,5
T-0319-1,319,2026-07-28,Producto,62,1
T-0319-2,319,2026-05-19,Facturación,6,2
T-0319-3,319,2026-02-16,Producto,27,3
T-0320-1,320,2026-06-13,Soporte técnico,15,3
T-0321-1,321,2026-01-28,Onboarding,84,3
T-0322-1,322,2026-04-03,Onboarding,72,4
T-0322-2,322,2025-12-11,Soporte técnico,89,5
T-0323-1,323,2026-06-06,Facturación,65,5
T-0323-2,323,2026-01-05,Soporte técnico,92,4
T-0324-1,324,2025-10-16,Facturación,9,4
T-0325-1,325,2025-10-04,Onboarding,61,4
T-0325-2,325,2026-01-19,Facturación,75,4
T-0327-1,327,2026-07-11,Soporte técnico,54,3
T-0329-1,329,2026-07-06,Producto,66,5
T-0330-1,330,2026-09-30,Onboarding,84,5
T-0330-2,330,2026-08-06,Facturación,88,4
T-0331-1,331,2026-08-18,Soporte técnico,86,3
T-0331-2,331,2025-12-22,Onboarding,75,1
T-0332-1,332,2026-07-26,Producto,18,3
T-0333-1,333,2026-09-18,Facturación,13,3
T-0334-1,334,2026-08-09,Onboarding,91,5
T-0337-1,337,2026-09-15,Facturación,61,4
T-0338-1,338,2026-04-20,Soporte técnico,61,1
T-0339-1,339,2026-08-28,Producto,19,4
T-0341-1,341,2025-12-13,Onboarding,24,5
T-0342-1,342,2026-04-12,Facturación,74,5
T-0344-1,344,2026-05-15,Facturación,86,1
T-0344-2,344,2026-07-05,Producto,84,4
T-0344-3,344,2026-07-22,Onboarding,33,3
T-0344-4,344,2026-06-06,Producto,50,3
T-0345-1,345,2025-11-11,Soporte técnico,63,3
T-0345-2,345,2026-09-02,Producto,33,4
T-0346-1,346,2026-07-08,Soporte técnico,6,4
T-0350-1,350,2026-05-18,Facturación,87,4
T-0351-1,351,2026-03-29,Facturación,27,4
T-0351-2,351,2026-04-13,Onboarding,75,5
T-0353-1,353,2025-11-30,Soporte técnico,21,4
T-0353-2,353,2026-09-30,Producto,85,4
T-0354-1,354,2026-09-24,Onboarding,85,3
T-0354-2,354,2026-08-12,Onboarding,94,1
T-0354-3,354,2026-08-13,Producto,10,5
T-0356-1,356,2026-09-07,Facturación,88,4
T-0357-1,357,2026-08-16,Soporte técnico,77,5
T-0357-2,357,2026-03-05,Producto,29,4
T-0359-1,359,2026-08-22,Facturación,9,3
T-0360-1,360,2026-08-22,Facturación,19,5
T-0362-1,362,2026-04-05,Soporte técnico,57,3
T-0365-1,365,2026-02-05,Soporte técnico,51,3
T-0366-1,366,2026-05-21,Soporte técnico,50,3
T-0366-2,366,2026-07-27,Facturación,89,3
T-0368-1,368,2026-09-12,Producto,3,3
T-0369-1,369,2026-06-23,Onboarding,7,2
T-0370-1,370,2025-10-31,Producto,7,5
T-0370-2,370,2026-02-05,Facturación,14,1
T-0370-3,370,2025-10-24,Producto,13,1
T-0370-4,370,2026-08-04,Producto,92,5
T-0371-1,371,2026-06-18,Onboarding,10,5
T-0372-1,372,2026-08-27,Onboarding,42,1
T-0372-2,372,2026-07-11,Producto,2,4
T-0373-1,373,2026-06-11,Onboarding,63,4
T-0374-1,374,2025-10-19,Soporte técnico,62,5
T-0375-1,375,2026-08-25,Facturación,58,4
T-0375-2,375,2026-07-18,Producto,81,5
T-0377-1,377,2026-07-14,Onboarding,18,4
T-0379-1,379,2025-12-07,Producto,94,1
T-0379-2,379,2026-09-01,Soporte técnico,56,4
T-0380-1,380,2026-01-02,Producto,74,5
T-0380-2,380,2025-10-25,Producto,83,4
T-0382-1,382,2026-08-19,Onboarding,27,1
T-0382-2,382,2026-09-01,Producto,82,3
T-0382-3,382,2026-08-24,Onboarding,43,3
T-0383-1,383,2026-01-30,Soporte técnico,41,5
T-0383-2,383,2026-05-06,Soporte técnico,20,5
T-0383-3,383,2026-07-22,Onboarding,66,5
T-0384-1,384,2026-07-14,Producto,5,5
T-0384-2,384,2026-06-28,Producto,15,4
T-0384-3,384,2026-09-13,Facturación,73,3
T-0386-1,386,2026-01-28,Facturación,87,4
T-0387-1,387,2025-10-19,Soporte técnico,96,4
T-0387-2,387,2025-11-02,Facturación,5,2
T-0388-1,388,2026-07-09,Producto,23,3
T-0389-1,389,2026-07-06,Facturación,67,5
T-0392-1,392,2026-05-11,Onboarding,81,3
T-0393-1,393,2025-12-18,Onboarding,31,4
T-0394-1,394,2025-12-28,Producto,14,3
T-0394-2,394,2026-03-21,Facturación,14,5
T-0394-3,394,2026-04-30,Soporte técnico,82,5
T-0397-1,397,2026-07-19,Facturación,72,4
T-0397-2,397,2026-06-07,Producto,94,5
T-0398-1,398,2026-07-10,Soporte técnico,41,4
T-0398-2,398,2025-12-17,Soporte técnico,48,5
T-0399-1,399,2026-08-22,Soporte técnico,14,5
T-0399-2,399,2026-04-25,Soporte técnico,25,5
T-0400-1,400,2025-12-12,Producto,61,4
T-0400-2,400,2026-03-31,Soporte técnico,46,4
T-0402-1,402,2026-04-05,Producto,16,4
T-0402-2,402,2026-02-10,Soporte técnico,43,4
T-0403-1,403,2026-01-23,Onboarding,65,3
T-0405-1,405,2026-04-01,Producto,76,3
T-0405-2,405,2026-03-08,Producto,13,3
T-0406-1,406,2025-10-24,Facturación,69,3
T-0406-2,406,2026-07-26,Onboarding,82,3
T-0406-3,406,2025-10-18,Producto,78,4
T-0409-1,409,2026-06-04,Onboarding,96,5
T-0410-1,410,2026-01-05,Soporte técnico,78,5
T-0410-2,410,2025-12-24,Facturación,76,5
T-0410-3,410,2025-11-22,Onboarding,65,4
T-0412-1,412,2026-07-04,Onboarding,16,5
T-0412-2,412,2026-09-18,Onboarding,45,4
T-0413-1,413,2026-06-20,Producto,49,2
T-0413-2,413,2026-04-26,Producto,47,4
T-0413-3,413,2026-02-27,Facturación,4,4
T-0414-1,414,2026-07-27,Producto,20,4
T-0415-1,415,2026-02-01,Soporte técnico,16,4
T-0416-1,416,2026-03-06,Onboarding,38,4
T-0416-2,416,2025-11-03,Onboarding,46,5
T-0416-3,416,2026-07-27,Soporte técnico,46,3
T-0417-1,417,2026-05-26,Producto,79,5
T-0417-2,417,2026-03-04,Producto,13,4
T-0418-1,418,2025-12-11,Onboarding,47,4
T-0418-2,418,2025-10-16,Facturación,57,3
T-0419-1,419,2026-07-31,Producto,35,1
T-0420-1,420,2025-10-13,Soporte técnico,29,4
T-0423-1,423,2026-09-24,Onboarding,33,3
T-0425-1,425,2026-09-27,Onboarding,49,2
T-0425-2,425,2026-09-14,Soporte técnico,59,4
T-0427-1,427,2026-09-09,Facturación,38,3
T-0428-1,428,2026-09-24,Soporte técnico,71,5
T-0428-2,428,2026-07-13,Producto,89,3
T-0429-1,429,2026-06-21,Soporte técnico,83,5
T-0430-1,430,2025-12-04,Onboarding,87,3
T-0431-1,431,2026-07-21,Soporte técnico,72,5
T-0431-2,431,2026-04-30,Producto,84,5
T-0433-1,433,2026-05-18,Onboarding,46,3
T-0435-1,435,2026-02-11,Soporte técnico,19,5
T-0436-1,436,2026-09-02,Producto,11,3
T-0440-1,440,2025-11-05,Facturación,39,5
T-0440-2,440,2025-11-17,Soporte técnico,78,4
T-0440-3,440,2026-03-11,Facturación,46,5
T-0441-1,441,2025-12-29,Soporte técnico,25,4
T-0441-2,441,2026-08-20,Facturación,22,1
T-0442-1,442,2026-06-30,Facturación,43,5
T-0443-1,443,2026-03-20,Producto,9,3
T-0443-2,443,2026-02-27,Soporte técnico,11,4
T-0445-1,445,2026-02-28,Facturación,30,3
T-0445-2,445,2026-06-09,Facturación,72,5
T-0446-1,446,2025-11-14,Producto,10,5
T-0446-2,446,2026-04-12,Onboarding,52,4
T-0446-3,446,2026-08-03,Soporte técnico,44,5
T-0447-1,447,2026-09-07,Facturación,43,4
T-0447-2,447,2026-03-29,Facturación,56,3
T-0449-1,449,2026-07-18,Producto,76,1
T-0451-1,451,2026-01-03,Soporte técnico,83,5
T-0454-1,454,2025-12-31,Producto,38,4
T-0454-2,454,2026-02-17,Onboarding,42,4
T-0455-1,455,2025-11-20,Soporte técnico,40,3
T-0456-1,456,2025-10-09,Facturación,95,4
T-0456-2,456,2026-05-05,Facturación,25,3
T-0456-3,456,2026-03-29,Facturación,14,3
T-0458-1,458,2025-10-04,Soporte técnico,12,2
T-0459-1,459,2026-01-09,Producto,11,5
T-0459-2,459,2025-12-03,Onboarding,59,5
T-0459-3,459,2026-05-20,Producto,3,3
T-0461-1,461,2026-02-05,Onboarding,88,4
T-0463-1,463,2026-04-29,Producto,7,3
T-0463-2,463,2026-07-25,Facturación,44,5
T-0464-1,464,2026-03-24,Producto,2,4
T-0465-1,465,2025-11-18,Facturación,57,3
T-0465-2,465,2025-12-31,Producto,82,5
T-0467-1,467,2026-02-08,Onboarding,32,4
T-0468-1,468,2026-09-11,Onboarding,69,5
T-0468-2,468,2025-11-10,Soporte técnico,35,4
T-0474-1,474,2026-09-02,Facturación,50,3
T-0474-2,474,2026-03-12,Soporte técnico,93,5
T-0475-1,475,2026-02-09,Facturación,76,4
T-0475-2,475,2025-11-09,Producto,4,5
T-0476-1,476,2025-10-21,Facturación,50,4
T-0476-2,476,2025-10-31,Soporte técnico,28,4
T-0477-1,477,2026-09-26,Soporte técnico,22,5
T-0478-1,478,2026-04-05,Onboarding,73,4
T-0479-1,479,2026-01-12,Soporte técnico,45,3
T-0479-2,479,2026-05-11,Onboarding,28,2
T-0481-1,481,2026-09-10,Producto,30,3
T-0481-2,481,2026-02-15,Soporte técnico,13,3
T-0482-1,482,2026-06-04,Soporte técnico,91,4
T-0482-2,482,2026-09-14,Soporte técnico,34,5
T-0482-3,482,2026-05-13,Soporte técnico,77,2
T-0484-1,484,2026-09-20,Producto,5,5
T-0485-1,485,2026-05-31,Facturación,53,3
T-0485-2,485,2025-11-28,Onboarding,29,4
T-0490-1,490,2025-10-15,Producto,6,5
T-0490-2,490,2026-05-09,Facturación,62,3
T-0490-3,490,2026-06-14,Facturación,35,5
T-0491-1,491,2026-08-24,Onboarding,78,4
T-0491-2,491,2026-03-20,Facturación,16,4
T-0493-1,493,2026-08-11,Producto,15,2
T-0494-1,494,2026-08-05,Facturación,60,3
T-0494-2,494,2026-09-17,Producto,25,5
T-0495-1,495,2026-06-22,Onboarding,24,4
T-0495-2,495,2026-07-15,Producto,85,2
T-0496-1,496,2025-11-22,Producto,38,3
T-0496-2,496,2025-11-18,Producto,31,4
T-0496-3,496,2025-10-27,Producto,9,5
T-0497-1,497,2026-05-06,Onboarding,54,1
T-0497-2,497,2026-03-25,Facturación,34,4
T-0498-1,498,2026-03-17,Facturación,83,4
T-0500-1,500,2026-02-11,Soporte técnico,81,4
T-0501-1,501,2026-03-16,Producto,68,4
T-0501-2,501,2026-04-09,Onboarding,66,4
T-0502-1,502,2026-04-29,Facturación,20,3
T-0502-2,502,2026-07-25,Soporte técnico,43,5
T-0502-3,502,2026-05-01,Producto,84,5
T-0503-1,503,2025-10-15,Soporte técnico,14,3
T-0503-2,503,2026-03-21,Facturación,4,1
T-0506-1,506,2025-12-07,Onboarding,63,1
T-0506-2,506,2026-01-22,Onboarding,62,5
T-0509-1,509,2026-04-18,Facturación,18,4
T-0509-2,509,2026-06-17,Producto,56,5
T-0511-1,511,2026-09-10,Facturación,66,2
T-0511-2,511,2026-09-30,Soporte técnico,8,2
T-0513-1,513,2026-06-24,Producto,39,5
T-0513-2,513,2026-09-01,Facturación,23,5
T-0514-1,514,2026-02-20,Facturación,79,3
T-0514-2,514,2025-11-21,Facturación,91,4
T-0514-3,514,2026-02-16,Soporte técnico,2,3
T-0515-1,515,2026-08-19,Facturación,61,4
T-0516-1,516,2025-11-28,Soporte técnico,9,4
T-0516-2,516,2025-10-10,Producto,51,3
T-0517-1,517,2026-05-22,Soporte técnico,53,5
T-0517-2,517,2026-01-21,Onboarding,94,3
T-0518-1,518,2026-03-26,Producto,49,1
T-0519-1,519,2026-03-18,Facturación,80,5
T-0519-2,519,2026-03-04,Facturación,90,4
T-0521-1,521,2026-08-02,Onboarding,92,3
T-0521-2,521,2026-09-07,Soporte técnico,10,4
T-0521-3,521,2026-09-02,Onboarding,89,5
T-0522-1,522,2026-06-30,Soporte técnico,92,4
T-0526-1,526,2026-05-09,Producto,94,5
T-0526-2,526,2026-05-08,Onboarding,59,5
T-0528-1,528,2026-05-16,Soporte técnico,72,4
T-0528-2,528,2025-10-30,Soporte técnico,13,2
T-0530-1,530,2026-07-14,Facturación,44,3
T-0530-2,530,2026-06-01,Producto,23,3
T-0531-1,531,2026-07-02,Producto,66,4
T-0532-1,532,2025-12-17,Soporte técnico,48,4
T-0533-1,533,2026-02-22,Onboarding,90,5
T-0534-1,534,2026-03-27,Facturación,15,3
T-0534-2,534,2025-12-24,Onboarding,96,5
T-0534-3,534,2026-04-25,Producto,70,4
T-0535-1,535,2026-07-09,Facturación,96,4
T-0537-1,537,2026-07-05,Facturación,41,3
T-0538-1,538,2026-08-07,Onboarding,73,3
T-0540-1,540,2026-04-11,Producto,88,4
T-0541-1,541,2026-07-06,Onboarding,80,4
T-0541-2,541,2026-04-16,Producto,34,4
T-0541-3,541,2026-07-22,Soporte técnico,31,3
T-0542-1,542,2025-12-23,Producto,94,5
T-0543-1,543,2026-05-24,Facturación,79,5
T-0543-2,543,2026-04-03,Onboarding,8,4
T-0546-1,546,2026-03-13,Onboarding,7,4
T-0546-2,546,2026-08-20,Onboarding,80,5
T-0549-1,549,2026-08-01,Facturación,14,5
T-0549-2,549,2026-04-04,Soporte técnico,87,4
T-0550-1,550,2026-07-21,Soporte técnico,18,1
T-0551-1,551,2026-08-29,Soporte técnico,39,4
T-0551-2,551,2026-05-10,Facturación,54,4
T-0552-1,552,2026-02-04,Facturación,18,4
T-0555-1,555,2025-12-09,Soporte técnico,52,2
T-0555-2,555,2026-02-05,Onboarding,13,1
T-0555-3,555,2026-05-05,Producto,86,4
T-0556-1,556,2026-06-24,Facturación,39,3
T-0557-1,557,2026-08-25,Soporte técnico,14,5
T-0557-2,557,2026-09-21,Soporte técnico,48,3
T-0559-1,559,2026-06-22,Facturación,19,4
T-0560-1,560,2026-01-28,Onboarding,73,4
T-0561-1,561,2026-05-16,Producto,4,5
T-0561-2,561,2026-06-02,Producto,15,3
T-0561-3,561,2026-07-12,Facturación,7,5
T-0563-1,563,2026-09-12,Facturación,59,1
T-0564-1,564,2026-01-10,Producto,13,5
T-0564-2,564,2026-03-26,Facturación,48,5
T-0565-1,565,2026-05-03,Soporte técnico,68,3
T-0567-1,567,2025-12-06,Soporte técnico,25,4
T-0568-1,568,2026-06-14,Soporte técnico,91,1
T-0569-1,569,2026-08-25,Onboarding,49,3
T-0569-2,569,2026-07-20,Producto,75,4
T-0569-3,569,2025-10-11,Facturación,88,5
T-0570-1,570,2026-08-12,Producto,84,3
T-0570-2,570,2026-08-31,Producto,33,3
T-0573-1,573,2026-06-06,Soporte técnico,68,3
T-0575-1,575,2026-03-19,Facturación,38,4
T-0575-2,575,2026-05-26,Onboarding,92,4
T-0577-1,577,2026-08-14,Facturación,82,3
T-0577-2,577,2025-10-24,Facturación,53,4
T-0577-3,577,2026-04-02,Producto,46,5
T-0578-1,578,2026-04-24,Facturación,60,4
T-0579-1,579,2026-07-24,Producto,25,4
T-0579-2,579,2026-06-09,Producto,40,5
T-0580-1,580,2026-05-02,Facturación,13,1
T-0580-2,580,2026-04-03,Producto,75,5
T-0581-1,581,2025-11-27,Facturación,56,4
T-0581-2,581,2026-07-12,Soporte técnico,14,3
T-0582-1,582,2026-02-14,Onboarding,24,4
T-0582-2,582,2025-12-22,Soporte técnico,39,3
T-0584-1,584,2026-01-28,Onboarding,85,2
T-0585-1,585,2026-07-16,Producto,61,2
T-0585-2,585,2026-07-20,Onboarding,52,5
T-0585-3,585,2026-02-28,Producto,79,3
T-0587-1,587,2026-08-25,Facturación,92,3
T-0588-1,588,2026-06-29,Facturación,7,3
T-0590-1,590,2026-01-11,Soporte técnico,70,3
T-0590-2,590,2026-08-28,Producto,68,4
T-0593-1,593,2026-09-02,Facturación,81,5
T-0596-1,596,2025-10-21,Soporte técnico,43,4
T-0598-1,598,2026-09-18,Soporte técnico,92,4
T-0598-2,598,2026-02-20,Facturación,39,4
T-0598-3,598,2025-12-28,Onboarding,18,5
T-0599-1,599,2026-09-21,Onboarding,94,1
T-0599-2,599,2025-10-15,Onboarding,93,2
T-0599-3,599,2026-01-22,Facturación,52,5
T-0601-1,601,2026-07-26,Onboarding,94,5
T-0601-2,601,2026-04-21,Soporte técnico,4,4
T-0601-3,601,2026-06-25,Soporte técnico,73,4
T-0602-1,602,2025-10-30,Soporte técnico,7,1
T-0602-2,602,2025-12-09,Soporte técnico,12,3
T-0602-3,602,2026-06-17,Producto,56,3
T-0605-1,605,2026-08-10,Producto,70,3
T-0606-1,606,2026-09-06,Producto,77,3
T-0608-1,608,2025-11-15,Soporte técnico,31,3
T-0608-2,608,2026-03-28,Onboarding,53,4
T-0608-3,608,2026-09-19,Producto,64,5
T-0610-1,610,2026-09-05,Facturación,66,2
T-0610-2,610,2026-03-02,Soporte técnico,54,4
T-0610-3,610,2026-02-26,Onboarding,19,3
T-0611-1,611,2026-01-21,Facturación,39,4
T-0611-2,611,2025-10-13,Facturación,67,3
T-0611-3,611,2026-04-12,Producto,81,5
T-0612-1,612,2025-12-02,Facturación,64,2
T-0616-1,616,2026-08-14,Facturación,72,4
T-0617-1,617,2026-10-01,Soporte técnico,41,3
T-0618-1,618,2026-06-21,Producto,37,4
T-0618-2,618,2026-07-11,Producto,39,5
T-0618-3,618,2026-06-03,Producto,25,5
T-0619-1,619,2026-08-16,Soporte técnico,13,1
T-0619-2,619,2026-04-12,Facturación,11,4
T-0619-3,619,2026-05-10,Onboarding,18,3
T-0621-1,621,2025-12-11,Soporte técnico,30,3
T-0623-1,623,2026-05-24,Facturación,29,2
T-0623-2,623,2026-06-21,Onboarding,64,3
T-0623-3,623,2025-12-27,Soporte técnico,23,4
T-0625-1,625,2026-05-24,Soporte técnico,6,4
T-0625-2,625,2025-10-07,Soporte técnico,8,2
T-0625-3,625,2026-08-22,Soporte técnico,59,4
T-0625-4,625,2026-02-04,Soporte técnico,28,3
T-0627-1,627,2026-07-05,Producto,33,5
T-0628-1,628,2025-10-29,Facturación,29,2
T-0629-1,629,2026-02-14,Producto,32,5
T-0629-2,629,2026-01-24,Producto,64,4
T-0630-1,630,2025-11-15,Producto,15,5
T-0630-2,630,2026-06-11,Facturación,54,5
T-0631-1,631,2026-06-22,Soporte técnico,34,3
T-0632-1,632,2026-10-02,Producto,49,4
T-0635-1,635,2026-04-05,Soporte técnico,10,3
T-0635-2,635,2026-01-14,Producto,75,3
T-0637-1,637,2026-06-04,Onboarding,59,5
T-0637-2,637,2026-08-21,Producto,23,4
T-0637-3,637,2025-10-13,Soporte técnico,44,5
T-0638-1,638,2026-07-05,Facturación,2,5
T-0641-1,641,2026-04-21,Soporte técnico,60,5
T-0642-1,642,2026-04-17,Soporte técnico,40,5
T-0642-2,642,2026-01-30,Onboarding,29,5
T-0643-1,643,2026-08-21,Producto,85,4
T-0644-1,644,2026-03-25,Facturación,87,4
T-0645-1,645,2026-04-02,Facturación,37,4
T-0649-1,649,2026-05-14,Onboarding,79,4
T-0650-1,650,2026-08-20,Facturación,5,3
T-0651-1,651,2026-04-23,Facturación,45,3
T-0651-2,651,2026-08-27,Onboarding,49,4
T-0651-3,651,2026-04-09,Onboarding,73,4
T-0652-1,652,2026-07-29,Soporte técnico,91,1
T-0652-2,652,2026-05-28,Producto,70,2
T-0652-3,652,2026-04-21,Facturación,3,2
T-0652-4,652,2025-11-11,Soporte técnico,34,3
T-0652-5,652,2025-11-03,Soporte técnico,11,1
T-0657-1,657,2026-09-01,Producto,22,3
T-0659-1,659,2026-07-10,Soporte técnico,72,5
T-0661-1,661,2025-11-08,Onboarding,61,4
T-0661-2,661,2026-03-09,Soporte técnico,26,3
T-0661-3,661,2025-11-17,Producto,5,3
T-0665-1,665,2026-07-28,Onboarding,72,5
T-0665-2,665,2026-09-28,Soporte técnico,63,4
T-0666-1,666,2026-04-22,Producto,68,5
T-0666-2,666,2025-11-01,Onboarding,65,5
T-0668-1,668,2026-03-12,Facturación,91,4
T-0668-2,668,2026-01-18,Onboarding,47,3
T-0668-3,668,2026-01-16,Onboarding,79,5
T-0671-1,671,2026-09-29,Facturación,10,3
T-0671-2,671,2026-09-23,Facturación,32,3
T-0672-1,672,2026-04-06,Producto,85,5
T-0672-2,672,2026-02-08,Facturación,38,5
T-0673-1,673,2026-08-15,Onboarding,72,3
T-0673-2,673,2026-08-03,Onboarding,42,5
T-0674-1,674,2026-08-31,Soporte técnico,91,4
T-0675-1,675,2026-07-20,Producto,88,3
T-0675-2,675,2026-04-18,Facturación,52,3
T-0675-3,675,2026-09-29,Soporte técnico,90,3
T-0677-1,677,2026-08-12,Producto,51,4
T-0677-2,677,2025-12-25,Soporte técnico,54,3
T-0677-3,677,2026-08-11,Soporte técnico,58,5
T-0679-1,679,2026-04-04,Facturación,52,5
T-0681-1,681,2026-09-12,Onboarding,79,4
T-0682-1,682,2026-03-31,Producto,51,4
T-0682-2,682,2026-08-30,Producto,91,4
T-0683-1,683,2026-06-17,Facturación,53,3
T-0683-2,683,2026-03-25,Onboarding,62,2
T-0684-1,684,2025-11-16,Onboarding,72,2
T-0684-2,684,2025-12-03,Onboarding,54,3
T-0685-1,685,2026-02-17,Producto,71,3
T-0685-2,685,2026-03-07,Producto,52,5
T-0685-3,685,2026-08-29,Producto,19,4
T-0686-1,686,2026-09-02,Facturación,79,4
T-0686-2,686,2026-09-15,Facturación,5,5
T-0686-3,686,2026-09-07,Facturación,66,4
T-0687-1,687,2026-10-02,Facturación,81,2
T-0687-2,687,2026-08-15,Producto,79,5
T-0689-1,689,2026-07-07,Producto,56,4
T-0691-1,691,2026-07-14,Facturación,13,5
T-0693-1,693,2026-07-10,Producto,78,3
T-0696-1,696,2026-07-03,Soporte técnico,60,5
T-0696-2,696,2026-02-20,Facturación,26,4
T-0697-1,697,2026-03-18,Facturación,61,3
T-0698-1,698,2026-03-19,Soporte técnico,92,3
T-0698-2,698,2026-02-09,Soporte técnico,51,5
T-0699-1,699,2026-01-10,Onboarding,7,5
T-0705-1,705,2026-09-04,Soporte técnico,20,3
T-0708-1,708,2026-07-04,Soporte técnico,32,3
T-0708-2,708,2026-06-18,Producto,86,4
T-0709-1,709,2025-10-22,Soporte técnico,30,1
T-0712-1,712,2026-05-11,Soporte técnico,49,3
T-0712-2,712,2025-11-08,Producto,66,5
T-0713-1,713,2026-06-04,Soporte técnico,4,5
T-0713-2,713,2026-08-11,Soporte técnico,60,4
T-0714-1,714,2026-09-28,Producto,53,5
T-0714-2,714,2026-01-20,Soporte técnico,94,3
T-0715-1,715,2026-09-02,Onboarding,35,5
T-0715-2,715,2026-09-06,Facturación,44,4
T-0716-1,716,2025-10-04,Onboarding,5,3
T-0716-2,716,2025-12-25,Onboarding,45,5
T-0720-1,720,2026-03-21,Onboarding,35,5
T-0720-2,720,2026-06-28,Soporte técnico,83,4
T-0721-1,721,2026-07-25,Producto,12,1
T-0723-1,723,2025-11-07,Facturación,30,5
T-0724-1,724,2026-08-21,Producto,30,3
T-0726-1,726,2026-07-22,Soporte técnico,49,3
T-0729-1,729,2026-08-09,Facturación,67,4
T-0729-2,729,2026-04-18,Onboarding,4,3
T-0730-1,730,2026-02-22,Onboarding,56,1
T-0730-2,730,2026-02-12,Soporte técnico,23,3
T-0730-3,730,2026-01-18,Producto,60,2
T-0730-4,730,2026-08-18,Onboarding,10,3
T-0730-5,730,2026-03-09,Facturación,82,3
T-0731-1,731,2026-05-03,Producto,51,4
T-0731-2,731,2026-03-07,Facturación,45,4
T-0732-1,732,2025-11-18,Onboarding,55,5
T-0732-2,732,2026-03-17,Facturación,84,4
T-0732-3,732,2026-05-11,Facturación,54,4
T-0734-1,734,2025-11-27,Producto,35,2
T-0734-2,734,2026-06-26,Soporte técnico,79,3
T-0734-3,734,2025-12-25,Onboarding,79,4
T-0735-1,735,2025-11-20,Onboarding,28,4
T-0735-2,735,2026-07-31,Onboarding,76,3
T-0735-3,735,2026-08-12,Producto,36,3
T-0737-1,737,2026-09-29,Producto,90,2
T-0737-2,737,2026-09-18,Producto,59,4
T-0740-1,740,2026-07-03,Producto,94,5
T-0742-1,742,2026-08-27,Producto,80,4
T-0742-2,742,2026-09-13,Facturación,29,3
T-0742-3,742,2026-09-30,Onboarding,46,4
T-0743-1,743,2026-06-08,Producto,96,3
T-0745-1,745,2026-07-01,Producto,75,5
T-0747-1,747,2026-05-05,Facturación,92,3
T-0748-1,748,2026-01-21,Producto,68,3
T-0748-2,748,2026-09-19,Soporte técnico,37,1
T-0748-3,748,2026-02-02,Producto,58,3
T-0748-4,748,2026-01-17,Producto,30,5
T-0749-1,749,2026-01-20,Onboarding,51,2
T-0752-1,752,2026-09-27,Facturación,19,5
T-0752-2,752,2026-07-02,Producto,38,4
T-0752-3,752,2026-07-27,Producto,28,3
T-0754-1,754,2026-04-04,Soporte técnico,2,2
T-0754-2,754,2026-06-25,Onboarding,85,4
T-0754-3,754,2025-11-13,Facturación,39,2
T-0755-1,755,2026-09-05,Onboarding,7,4
T-0755-2,755,2026-05-26,Onboarding,19,5
T-0756-1,756,2026-10-02,Facturación,43,5
T-0757-1,757,2025-12-12,Soporte técnico,39,3
T-0757-2,757,2025-10-08,Onboarding,29,3
T-0757-3,757,2026-03-01,Onboarding,68,4
T-0758-1,758,2025-11-10,Soporte técnico,8,3
T-0758-2,758,2026-01-02,Producto,43,4
T-0759-1,759,2026-08-30,Producto,38,4
T-0761-1,761,2026-09-08,Producto,5,4
T-0761-2,761,2026-09-25,Onboarding,44,5
T-0761-3,761,2026-09-09,Facturación,85,5
T-0763-1,763,2026-05-08,Onboarding,61,3
T-0763-2,763,2026-07-07,Producto,84,2
T-0764-1,764,2026-02-21,Soporte técnico,34,4
T-0765-1,765,2026-06-26,Producto,89,3
T-0766-1,766,2026-04-04,Producto,25,5
T-0768-1,768,2026-05-30,Producto,55,4
T-0768-2,768,2025-11-02,Onboarding,84,5
T-0770-1,770,2026-04-16,Producto,42,4
T-0772-1,772,2026-02-11,Onboarding,14,1
T-0774-1,774,2026-02-18,Soporte técnico,8,3
T-0774-2,774,2026-09-11,Producto,86,2
T-0774-3,774,2026-08-08,Facturación,11,4
T-0774-4,774,2026-07-08,Onboarding,93,3
T-0775-1,775,2026-09-14,Onboarding,35,4
T-0778-1,778,2026-07-16,Producto,65,3
T-0779-1,779,2026-02-26,Facturación,28,4
T-0779-2,779,2025-11-26,Soporte técnico,43,4
T-0780-1,780,2026-08-14,Facturación,63,3
T-0780-2,780,2026-06-14,Onboarding,60,4
T-0781-1,781,2026-04-16,Facturación,72,3
T-0781-2,781,2026-07-15,Producto,11,1
T-0781-3,781,2026-01-07,Producto,6,1
T-0781-4,781,2025-11-26,Onboarding,60,3
T-0785-1,785,2026-07-15,Facturación,62,1
T-0787-1,787,2026-09-18,Producto,39,5
T-0787-2,787,2026-08-31,Soporte técnico,63,4
T-0788-1,788,2026-04-18,Onboarding,9,5
T-0788-2,788,2025-12-05,Facturación,65,4
T-0789-1,789,2026-01-31,Onboarding,30,3
T-0790-1,790,2026-06-15,Producto,54,4
T-0791-1,791,2026-08-23,Producto,69,4
T-0791-2,791,2025-11-22,Facturación,49,3
T-0792-1,792,2025-12-31,Soporte técnico,82,3
T-0794-1,794,2026-07-18,Facturación,64,2
T-0794-2,794,2026-07-05,Soporte técnico,75,3
T-0798-1,798,2026-05-28,Producto,93,3
T-0799-1,799,2026-03-09,Soporte técnico,44,3
T-0802-1,802,2026-09-09,Facturación,73,4
T-0802-2,802,2026-03-23,Producto,76,1
T-0802-3,802,2025-12-07,Soporte técnico,21,4
T-0806-1,806,2026-07-19,Onboarding,22,4
T-0806-2,806,2026-03-24,Onboarding,2,3
T-0809-1,809,2026-08-22,Soporte técnico,49,3
T-0810-1,810,2026-02-22,Facturación,34,5
T-0810-2,810,2026-06-06,Soporte técnico,39,4
T-0811-1,811,2026-06-01,Producto,40,5
T-0811-2,811,2026-08-04,Soporte técnico,16,5
T-0813-1,813,2026-04-06,Onboarding,59,4
T-0817-1,817,2026-05-30,Facturación,33,4
T-0817-2,817,2026-08-23,Onboarding,62,5
T-0819-1,819,2026-04-03,Producto,85,3
T-0819-2,819,2026-02-25,Producto,37,4
T-0820-1,820,2026-09-27,Facturación,83,5
T-0820-2,820,2026-07-03,Soporte técnico,35,1
T-0820-3,820,2026-07-24,Onboarding,9,5
T-0821-1,821,2025-12-28,Onboarding,71,2
T-0821-2,821,2026-03-29,Producto,92,3
T-0823-1,823,2026-06-04,Soporte técnico,89,3
T-0823-2,823,2026-05-28,Soporte técnico,77,4
T-0824-1,824,2026-08-01,Soporte técnico,49,2
T-0825-1,825,2025-11-30,Producto,73,5
T-0827-1,827,2026-04-01,Soporte técnico,6,2
T-0827-2,827,2026-04-02,Soporte técnico,55,4
T-0828-1,828,2026-05-08,Facturación,19,2
T-0830-1,830,2026-03-15,Soporte técnico,86,4
T-0830-2,830,2026-05-11,Onboarding,89,5
T-0830-3,830,2026-07-25,Producto,49,4
T-0831-1,831,2026-07-08,Onboarding,21,2
T-0831-2,831,2026-03-21,Facturación,68,3
T-0831-3,831,2026-06-20,Facturación,68,1
T-0833-1,833,2026-07-14,Facturación,37,4
T-0833-2,833,2026-09-18,Onboarding,82,4
T-0833-3,833,2026-07-14,Producto,20,5
T-0834-1,834,2026-09-18,Facturación,49,3
T-0835-1,835,2026-01-11,Producto,88,5
T-0835-2,835,2026-09-22,Onboarding,15,4
T-0836-1,836,2025-12-15,Onboarding,6,4
T-0837-1,837,2026-06-18,Soporte técnico,10,2
T-0839-1,839,2026-04-18,Soporte técnico,14,3
T-0839-2,839,2026-08-04,Soporte técnico,76,1
T-0839-3,839,2026-09-26,Producto,59,1
T-0840-1,840,2026-08-29,Onboarding,32,5
T-0843-1,843,2026-06-02,Onboarding,72,4
T-0844-1,844,2026-04-13,Producto,7,4
T-0845-1,845,2026-02-26,Soporte técnico,6,4
T-0846-1,846,2026-09-29,Producto,9,4
T-0848-1,848,2026-05-28,Producto,3,4
T-0848-2,848,2026-09-18,Soporte técnico,67,5
T-0851-1,851,2026-01-03,Onboarding,43,5
T-0853-1,853,2025-10-15,Soporte técnico,84,4
T-0853-2,853,2026-02-02,Soporte técnico,86,4
T-0854-1,854,2025-10-10,Facturación,67,4
T-0856-1,856,2026-02-25,Facturación,88,5
T-0861-1,861,2026-01-30,Onboarding,91,3
T-0861-2,861,2026-06-05,Soporte técnico,12,5
T-0861-3,861,2026-09-10,Facturación,35,1
T-0863-1,863,2026-08-13,Producto,86,5
T-0864-1,864,2026-09-03,Producto,46,5
T-0864-2,864,2026-09-05,Onboarding,35,3
T-0865-1,865,2026-09-20,Soporte técnico,46,2
T-0865-2,865,2026-09-21,Soporte técnico,27,4
T-0865-3,865,2026-09-26,Onboarding,68,3
T-0867-1,867,2025-11-11,Onboarding,11,4
T-0870-1,870,2026-06-26,Producto,46,5
T-0871-1,871,2026-03-15,Onboarding,85,5
T-0871-2,871,2025-12-29,Facturación,36,5
T-0876-1,876,2026-08-09,Producto,89,3
T-0883-1,883,2026-08-12,Soporte técnico,4,3
T-0884-1,884,2026-09-20,Soporte técnico,19,2
T-0885-1,885,2026-03-02,Producto,91,5
T-0886-1,886,2026-09-10,Soporte técnico,14,4
T-0889-1,889,2026-09-19,Producto,81,5
T-0890-1,890,2025-11-27,Facturación,57,3
T-0890-2,890,2025-11-11,Onboarding,51,4
T-0890-3,890,2025-11-21,Facturación,18,4
T-0890-4,890,2025-11-05,Onboarding,29,3
T-0891-1,891,2026-02-20,Facturación,84,3
T-0891-2,891,2026-06-14,Onboarding,85,5
T-0891-3,891,2025-11-12,Facturación,81,1
T-0892-1,892,2026-08-29,Facturación,80,1
T-0892-2,892,2025-11-24,Onboarding,80,5
T-0894-1,894,2026-05-27,Soporte técnico,7,4
T-0895-1,895,2026-06-12,Producto,24,4
T-0895-2,895,2026-07-25,Producto,35,2
T-0895-3,895,2026-05-24,Onboarding,57,5
T-0899-1,899,2026-04-02,Facturación,46,5
T-0900-1,900,2026-06-25,Soporte técnico,23,3
T-0900-2,900,2026-06-08,Soporte técnico,17,2
T-0900-3,900,2026-09-04,Onboarding,33,2
T-0901-1,901,2026-04-05,Onboarding,38,5
T-0901-2,901,2025-11-26,Producto,17,4
T-0901-3,901,2026-09-16,Onboarding,9,4
T-0901-4,901,2026-07-05,Facturación,20,2
T-0902-1,902,2026-02-18,Onboarding,42,4
T-0903-1,903,2026-06-28,Facturación,56,3
T-0903-2,903,2026-05-23,Onboarding,46,4
T-0904-1,904,2026-05-20,Facturación,45,2
T-0905-1,905,2026-05-02,Producto,2,2
T-0906-1,906,2026-06-07,Producto,76,4
T-0907-1,907,2026-03-12,Producto,51,4
T-0910-1,910,2025-12-05,Producto,26,5
T-0910-2,910,2025-12-31,Facturación,13,2
T-0912-1,912,2026-09-09,Onboarding,5,4
T-0912-2,912,2026-07-25,Soporte técnico,68,4
T-0913-1,913,2026-07-31,Soporte técnico,69,4
T-0914-1,914,2026-02-17,Facturación,21,5
T-0914-2,914,2026-02-16,Producto,20,3
T-0914-3,914,2026-06-07,Facturación,67,3
T-0917-1,917,2026-02-28,Soporte técnico,38,5
T-0917-2,917,2026-07-17,Soporte técnico,50,4
T-0917-3,917,2025-12-12,Producto,27,5
T-0919-1,919,2026-01-10,Facturación,38,4
T-0919-2,919,2026-09-06,Facturación,47,2
T-0921-1,921,2026-06-05,Facturación,17,4
T-0922-1,922,2025-10-27,Facturación,68,2
T-0922-2,922,2026-02-21,Soporte técnico,66,4
T-0923-1,923,2026-03-05,Facturación,23,1
T-0924-1,924,2026-02-12,Soporte técnico,30,5
T-0924-2,924,2026-08-16,Facturación,39,5
T-0925-1,925,2026-05-19,Producto,51,4
T-0925-2,925,2025-12-07,Facturación,4,5
T-0925-3,925,2026-07-22,Onboarding,88,5
T-0927-1,927,2026-05-20,Producto,64,4
T-0928-1,928,2026-07-16,Soporte técnico,27,4
T-0930-1,930,2026-03-23,Onboarding,22,3
T-0930-2,930,2025-10-30,Facturación,91,3
T-0931-1,931,2025-11-28,Soporte técnico,51,3
T-0937-1,937,2026-07-09,Producto,21,4
T-0937-2,937,2025-12-27,Soporte técnico,59,5
T-0939-1,939,2026-05-05,Producto,4,4
T-0943-1,943,2026-09-30,Facturación,50,4
T-0945-1,945,2026-03-12,Producto,90,2
T-0946-1,946,2026-05-26,Facturación,85,3
T-0946-2,946,2026-02-10,Facturación,46,5
T-0946-3,946,2026-05-08,Producto,89,3
T-0948-1,948,2026-04-03,Producto,51,3
T-0948-2,948,2026-03-28,Facturación,63,5
T-0948-3,948,2026-06-19,Facturación,69,1
T-0950-1,950,2026-06-20,Facturación,69,1
T-0950-2,950,2025-11-01,Facturación,51,3
T-0950-3,950,2026-01-29,Soporte técnico,42,3
T-0951-1,951,2026-07-12,Producto,96,4
T-0962-1,962,2026-08-10,Soporte técnico,44,3
T-0963-1,963,2026-09-14,Facturación,22,3
T-0964-1,964,2026-09-24,Producto,82,3
T-0965-1,965,2026-01-09,Facturación,24,5
T-0965-2,965,2026-04-18,Soporte técnico,21,3
T-0966-1,966,2025-11-24,Producto,17,5
T-0972-1,972,2025-11-18,Soporte técnico,76,4
T-0973-1,973,2026-07-30,Soporte técnico,2,5
T-0974-1,974,2026-03-01,Soporte técnico,77,4
T-0974-2,974,2026-07-06,Soporte técnico,53,5
T-0974-3,974,2025-10-18,Facturación,48,5
T-0976-1,976,2025-11-10,Producto,74,1
T-0978-1,978,2026-05-07,Onboarding,25,4
T-0978-2,978,2025-10-18,Facturación,57,4
T-0978-3,978,2026-03-12,Producto,26,5
T-0979-1,979,2026-07-02,Producto,24,5
T-0980-1,980,2026-05-04,Soporte técnico,80,1
T-0980-2,980,2026-04-01,Soporte técnico,15,4
T-0980-3,980,2026-08-23,Soporte técnico,95,3
T-0985-1,985,2026-02-13,Facturación,61,4
T-0985-2,985,2025-11-26,Facturación,19,3
T-0985-3,985,2025-10-28,Onboarding,83,3
T-0985-4,985,2026-07-18,Facturación,72,2
T-0985-5,985,2025-11-27,Producto,94,4
T-0986-1,986,2026-04-23,Facturación,85,3
T-0987-1,987,2026-08-16,Producto,49,2
T-0987-2,987,2026-05-06,Producto,40,2
T-0989-1,989,2026-04-26,Producto,12,3
T-0990-1,990,2026-07-10,Facturación,57,4
T-0990-2,990,2026-05-28,Soporte técnico,47,5
T-0990-3,990,2025-11-15,Onboarding,53,4
T-0991-1,991,2026-04-13,Soporte técnico,14,5
T-0991-2,991,2026-08-28,Facturación,57,5
T-0991-3,991,2026-03-11,Producto,96,4
T-0992-1,992,2026-06-07,Onboarding,71,5
T-0992-2,992,2026-07-19,Facturación,94,5
T-0993-1,993,2026-09-08,Soporte técnico,32,5
T-0994-1,994,2025-12-27,Producto,59,3
T-0995-1,995,2026-05-24,Soporte técnico,38,3
T-0995-2,995,2026-05-18,Producto,49,2
T-0995-3,995,2026-07-16,Soporte técnico,15,3
T-0996-1,996,2026-05-24,Producto,32,4
T-0996-2,996,2026-08-27,Onboarding,35,3
T-0996-3,996,2026-08-05,Soporte técnico,21,1
T-0998-1,998,2026-07-03,Onboarding,10,3
T-0999-1,999,2025-11-01,Facturación,18,3
T-0999-2,999,2026-04-19,Soporte técnico,32,4
T-0999-3,999,2026-04-21,Onboarding,35,5
T-1000-1,1000,2026-06-26,Onboarding,7,5
T-1001-1,1001,2025-11-02,Producto,69,3
T-1003-1,1003,2026-08-25,Producto,34,4
T-1003-2,1003,2026-04-30,Onboarding,81,4
T-1004-1,1004,2025-11-19,Facturación,66,5
T-1006-1,1006,2026-08-31,Soporte técnico,46,4
T-1007-1,1007,2026-02-02,Soporte técnico,45,4
T-1008-1,1008,2026-01-03,Onboarding,58,5
T-1009-1,1009,2026-06-22,Producto,20,4
T-1010-1,1010,2026-07-24,Producto,9,3
T-1010-2,1010,2026-07-28,Onboarding,72,5
T-1010-3,1010,2026-07-20,Facturación,57,3
T-1011-1,1011,2025-10-12,Producto,76,5
T-1011-2,1011,2026-08-06,Facturación,89,5
T-1013-1,1013,2026-04-03,Facturación,15,5
T-1014-1,1014,2026-07-30,Onboarding,57,4
T-1018-1,1018,2025-12-13,Soporte técnico,71,4
T-1019-1,1019,2026-02-15,Soporte técnico,17,4
T-1020-1,1020,2026-09-12,Facturación,10,5
T-1020-2,1020,2026-08-12,Soporte técnico,60,4
T-1021-1,1021,2025-10-19,Onboarding,45,3
T-1022-1,1022,2026-01-27,Soporte técnico,62,5
T-1025-1,1025,2026-08-06,Onboarding,73,4
T-1028-1,1028,2026-01-07,Producto,2,5
T-1029-1,1029,2026-06-15,Onboarding,12,5
T-1032-1,1032,2025-12-01,Onboarding,91,3
T-1032-2,1032,2026-03-16,Onboarding,83,4
T-1033-1,1033,2026-04-03,Facturación,90,4
T-1033-2,1033,2026-07-14,Onboarding,39,4
T-1033-3,1033,2026-04-14,Onboarding,23,5
T-1034-1,1034,2026-06-03,Onboarding,5,4
T-1034-2,1034,2026-09-11,Facturación,3,2
T-1036-1,1036,2026-09-05,Producto,12,4
T-1038-1,1038,2025-12-23,Soporte técnico,62,5
T-1038-2,1038,2025-12-24,Producto,54,1
T-1041-1,1041,2026-06-03,Facturación,51,5
T-1045-1,1045,2026-06-17,Onboarding,42,4
T-1047-1,1047,2026-07-28,Facturación,17,3
T-1049-1,1049,2026-07-16,Onboarding,92,2
T-1050-1,1050,2026-03-31,Facturación,78,1
T-1053-1,1053,2026-06-20,Onboarding,85,2
T-1056-1,1056,2026-10-01,Producto,83,4
T-1056-2,1056,2026-02-21,Producto,69,3
T-1056-3,1056,2026-09-02,Facturación,39,4
T-1058-1,1058,2026-05-17,Onboarding,53,5
T-1058-2,1058,2026-02-16,Facturación,92,4
T-1059-1,1059,2025-11-20,Facturación,83,4
T-1062-1,1062,2026-08-09,Facturación,96,5
T-1062-2,1062,2026-04-08,Facturación,84,5
T-1063-1,1063,2026-01-04,Facturación,79,1
T-1063-2,1063,2025-10-26,Soporte técnico,71,3
T-1063-3,1063,2025-10-17,Onboarding,15,4
T-1063-4,1063,2026-07-25,Producto,16,4
T-1065-1,1065,2026-08-05,Onboarding,35,5
T-1066-1,1066,2025-12-08,Producto,6,5
T-1066-2,1066,2026-08-18,Producto,91,5
T-1067-1,1067,2026-06-17,Onboarding,53,4
T-1067-2,1067,2026-07-13,Soporte técnico,45,5
T-1068-1,1068,2025-12-15,Onboarding,7,3
T-1068-2,1068,2025-10-28,Producto,9,3
T-1069-1,1069,2025-12-17,Soporte técnico,39,5
T-1069-2,1069,2026-06-01,Soporte técnico,9,5
T-1069-3,1069,2025-10-16,Facturación,8,4
T-1070-1,1070,2026-06-17,Soporte técnico,24,2
T-1071-1,1071,2026-09-10,Producto,89,4
T-1072-1,1072,2026-04-23,Onboarding,36,5
T-1072-2,1072,2026-02-21,Facturación,34,3
T-1072-3,1072,2025-11-21,Soporte técnico,27,4
T-1076-1,1076,2026-07-08,Facturación,60,4
T-1077-1,1077,2026-01-11,Onboarding,91,4
T-1078-1,1078,2026-08-04,Facturación,34,5
T-1079-1,1079,2026-05-10,Producto,20,4
T-1079-2,1079,2026-03-19,Onboarding,72,4
T-1080-1,1080,2026-03-09,Onboarding,42,3
T-1080-2,1080,2026-02-14,Facturación,62,2
T-1082-1,1082,2026-05-25,Onboarding,10,1
T-1085-1,1085,2026-03-06,Soporte técnico,64,2
T-1090-1,1090,2026-08-13,Facturación,29,3
T-1090-2,1090,2026-08-06,Soporte técnico,41,5
T-1090-3,1090,2026-09-20,Onboarding,16,5
T-1091-1,1091,2025-11-06,Producto,25,3
T-1091-2,1091,2026-06-15,Facturación,42,3
T-1095-1,1095,2026-07-27,Soporte técnico,30,3
T-1095-2,1095,2026-09-09,Soporte técnico,91,4
T-1096-1,1096,2026-01-31,Facturación,14,4
T-1096-2,1096,2025-10-14,Soporte técnico,62,5
T-1099-1,1099,2026-05-01,Facturación,90,4
T-1100-1,1100,2025-12-14,Soporte técnico,9,4
T-1100-2,1100,2026-07-09,Onboarding,82,4
T-1101-1,1101,2026-02-01,Soporte técnico,95,4
T-1101-2,1101,2026-08-02,Onboarding,96,3
T-1101-3,1101,2026-01-10,Onboarding,66,2
T-1102-1,1102,2025-10-11,Facturación,74,4
T-1102-2,1102,2026-06-13,Onboarding,52,5
T-1103-1,1103,2026-07-17,Soporte técnico,56,3
T-1103-2,1103,2026-09-22,Facturación,92,4
T-1104-1,1104,2025-12-28,Producto,36,5
T-1104-2,1104,2025-11-16,Producto,96,3
T-1104-3,1104,2025-10-04,Facturación,21,2
T-1105-1,1105,2026-08-12,Soporte técnico,68,5
T-1106-1,1106,2025-11-04,Producto,92,5
T-1106-2,1106,2025-10-06,Onboarding,82,5
T-1109-1,1109,2026-09-13,Producto,26,2
T-1109-2,1109,2026-07-22,Soporte técnico,61,4
T-1110-1,1110,2026-08-10,Onboarding,41,2
T-1110-2,1110,2026-06-19,Facturación,20,5
T-1110-3,1110,2026-09-14,Onboarding,64,4
T-1112-1,1112,2025-10-18,Producto,60,5
T-1112-2,1112,2026-07-01,Onboarding,77,3
T-1112-3,1112,2025-10-29,Facturación,7,4
T-1115-1,1115,2026-02-06,Facturación,12,5
T-1117-1,1117,2025-11-22,Facturación,13,3
T-1117-2,1117,2026-04-21,Facturación,7,4
T-1118-1,1118,2026-02-03,Soporte técnico,8,5
T-1118-2,1118,2026-06-17,Soporte técnico,23,5
T-1118-3,1118,2026-03-14,Producto,5,5
T-1119-1,1119,2026-09-01,Facturación,18,4
T-1120-1,1120,2025-11-05,Onboarding,55,5
T-1120-2,1120,2026-01-02,Facturación,60,3
T-1121-1,1121,2026-08-27,Producto,93,5
T-1121-2,1121,2026-09-26,Facturación,94,2
T-1126-1,1126,2026-01-23,Producto,37,5
T-1126-2,1126,2026-08-25,Facturación,3,3
T-1127-1,1127,2025-12-05,Soporte técnico,50,4
T-1127-2,1127,2026-05-17,Onboarding,90,2
T-1128-1,1128,2026-05-19,Facturación,28,3
T-1128-2,1128,2026-08-31,Producto,16,2
T-1129-1,1129,2025-12-10,Onboarding,90,5
T-1130-1,1130,2026-08-05,Producto,63,2
T-1131-1,1131,2025-12-01,Producto,21,5
T-1134-1,1134,2026-06-25,Producto,35,3
T-1134-2,1134,2026-05-28,Producto,5,4
T-1134-3,1134,2026-06-11,Facturación,64,4
T-1136-1,1136,2025-12-03,Producto,41,3
T-1137-1,1137,2026-08-15,Producto,27,4
T-1139-1,1139,2026-07-29,Soporte técnico,54,3
T-1140-1,1140,2026-05-03,Onboarding,2,4
T-1141-1,1141,2026-03-20,Producto,17,2
T-1141-2,1141,2026-03-10,Onboarding,24,3
T-1141-3,1141,2026-07-21,Onboarding,69,4
T-1142-1,1142,2025-12-10,Producto,8,5
T-1147-1,1147,2026-02-20,Onboarding,39,4
T-1147-2,1147,2026-03-10,Producto,82,3
T-1149-1,1149,2026-01-31,Producto,76,5
T-1149-2,1149,2026-02-08,Onboarding,34,4
T-1152-1,1152,2026-03-05,Soporte técnico,23,4
T-1153-1,1153,2026-09-14,Onboarding,3,4
T-1153-2,1153,2026-04-17,Soporte técnico,87,5
T-1155-1,1155,2026-03-18,Producto,32,4
T-1155-2,1155,2026-04-14,Producto,13,5
T-1155-3,1155,2026-04-28,Facturación,25,4
T-1156-1,1156,2026-06-08,Soporte técnico,16,3
T-1156-2,1156,2026-01-18,Producto,30,3
T-1158-1,1158,2026-07-17,Facturación,55,4
T-1164-1,1164,2026-04-18,Facturación,8,4
T-1164-2,1164,2026-08-06,Soporte técnico,32,5
T-1165-1,1165,2025-11-11,Onboarding,86,5
T-1167-1,1167,2026-06-06,Facturación,61,3
T-1167-2,1167,2025-12-25,Producto,48,3
T-1167-3,1167,2026-01-31,Soporte técnico,91,3
T-1167-4,1167,2026-04-24,Onboarding,22,4
T-1169-1,1169,2026-06-21,Onboarding,57,3
T-1170-1,1170,2026-06-19,Onboarding,34,4
T-1170-2,1170,2026-03-18,Onboarding,64,5
T-1170-3,1170,2026-06-27,Producto,81,3
T-1171-1,1171,2026-06-04,Producto,52,4
T-1171-2,1171,2026-07-22,Facturación,38,5
T-1171-3,1171,2026-01-16,Facturación,51,4
T-1172-1,1172,2026-01-17,Onboarding,79,3
T-1175-1,1175,2026-08-15,Facturación,29,3
T-1175-2,1175,2025-12-11,Soporte técnico,11,4
T-1177-1,1177,2026-03-09,Facturación,73,1
T-1177-2,1177,2026-03-07,Soporte técnico,14,5
T-1177-3,1177,2026-03-13,Producto,70,4
T-1178-1,1178,2025-10-16,Soporte técnico,71,5
T-1178-2,1178,2026-06-17,Facturación,22,5
T-1178-3,1178,2026-07-18,Producto,95,2
T-1179-1,1179,2026-09-30,Producto,10,4
T-1179-2,1179,2026-07-29,Facturación,26,3
T-1179-3,1179,2026-03-04,Producto,61,3
T-1182-1,1182,2026-08-24,Onboarding,64,2
T-1182-2,1182,2026-08-13,Producto,52,2
T-1182-3,1182,2026-08-07,Onboarding,75,3
T-1182-4,1182,2026-09-05,Onboarding,68,5
T-1183-1,1183,2025-12-05,Soporte técnico,22,5
T-1184-1,1184,2025-10-11,Onboarding,8,5
T-1184-2,1184,2025-12-07,Producto,4,5
T-1184-3,1184,2026-04-15,Producto,83,4
T-1185-1,1185,2026-09-29,Onboarding,8,2
T-1185-2,1185,2026-04-24,Soporte técnico,89,1
T-1185-3,1185,2026-01-24,Facturación,65,3
T-1186-1,1186,2026-05-05,Onboarding,42,5
T-1186-2,1186,2026-01-14,Soporte técnico,54,4
T-1186-3,1186,2026-04-24,Producto,38,1
T-1187-1,1187,2026-06-09,Soporte técnico,71,4
T-1187-2,1187,2026-06-01,Facturación,25,3
T-1189-1,1189,2026-05-02,Soporte técnico,35,4
T-1189-2,1189,2026-06-09,Soporte técnico,46,2
T-1191-1,1191,2026-08-03,Onboarding,70,4
T-1194-1,1194,2026-06-24,Facturación,70,3
T-1195-1,1195,2026-06-30,Facturación,86,3
T-1195-2,1195,2026-09-28,Producto,62,2
T-1195-3,1195,2026-08-20,Soporte técnico,29,2
T-1196-1,1196,2026-07-25,Onboarding,48,3
T-1196-2,1196,2026-09-23,Producto,16,1
T-1196-3,1196,2026-07-26,Facturación,85,1
T-1196-4,1196,2026-09-05,Soporte técnico,81,2
T-1197-1,1197,2026-02-27,Onboarding,59,4
T-1200-1,1200,2026-02-25,Facturación,73,5
T-1201-1,1201,2026-02-04,Soporte técnico,85,5
T-1204-1,1204,2026-02-01,Soporte técnico,20,4
T-1205-1,1205,2026-05-22,Producto,31,1
T-1205-2,1205,2026-07-15,Producto,71,4
T-1207-1,1207,2026-02-17,Soporte técnico,44,2
T-1212-1,1212,2026-09-07,Soporte técnico,65,4
T-1215-1,1215,2025-10-14,Facturación,21,5
T-1216-1,1216,2025-11-17,Soporte técnico,9,2
T-1217-1,1217,2026-02-14,Facturación,41,5
T-1218-1,1218,2026-02-01,Soporte técnico,23,2
T-1218-2,1218,2026-02-22,Soporte técnico,38,3
T-1220-1,1220,2025-12-27,Producto,51,3
T-1220-2,1220,2026-03-15,Soporte técnico,86,4
T-1221-1,1221,2026-09-19,Facturación,43,3
T-1221-2,1221,2026-08-14,Onboarding,10,3
T-1221-3,1221,2026-06-27,Onboarding,57,4
T-1221-4,1221,2026-01-28,Producto,45,4
T-1222-1,1222,2026-06-12,Onboarding,14,4
T-1224-1,1224,2026-08-08,Facturación,56,5
T-1224-2,1224,2026-05-15,Facturación,65,3
T-1224-3,1224,2026-04-02,Soporte técnico,18,1
T-1224-4,1224,2025-11-17,Onboarding,42,1
T-1229-1,1229,2026-02-07,Soporte técnico,45,3
T-1229-2,1229,2026-06-26,Producto,45,5
T-1229-3,1229,2026-02-27,Soporte técnico,73,4
T-1232-1,1232,2026-02-22,Onboarding,16,3
T-1232-2,1232,2025-12-15,Producto,89,4
T-1232-3,1232,2025-12-12,Soporte técnico,70,5
T-1233-1,1233,2026-06-28,Soporte técnico,45,3
T-1233-2,1233,2026-03-25,Onboarding,47,5
T-1233-3,1233,2026-05-24,Facturación,20,4
T-1234-1,1234,2025-10-29,Facturación,69,4
T-1235-1,1235,2026-07-08,Facturación,95,3
T-1235-2,1235,2026-02-24,Soporte técnico,69,4
T-1235-3,1235,2026-06-26,Onboarding,89,3
T-1238-1,1238,2026-08-05,Producto,34,4
T-1240-1,1240,2026-02-15,Onboarding,8,3
T-1240-2,1240,2026-01-09,Soporte técnico,54,4
T-1242-1,1242,2025-11-28,Facturación,88,3
T-1243-1,1243,2025-12-14,Onboarding,79,4
T-1244-1,1244,2026-05-22,Soporte técnico,55,5
T-1245-1,1245,2026-04-02,Onboarding,63,4
T-1248-1,1248,2026-04-28,Onboarding,40,4
T-1249-1,1249,2026-09-20,Soporte técnico,61,5
T-1250-1,1250,2026-07-15,Soporte técnico,91,4
T-1252-1,1252,2026-08-17,Producto,26,5
T-1252-2,1252,2026-09-27,Producto,45,4
T-1254-1,1254,2026-03-10,Facturación,89,4
T-1256-1,1256,2025-11-21,Soporte técnico,13,1
T-1256-2,1256,2026-02-26,Soporte técnico,32,4
T-1256-3,1256,2026-05-21,Onboarding,53,1
T-1257-1,1257,2025-12-13,Facturación,14,4
T-1258-1,1258,2026-02-08,Onboarding,11,2
T-1258-2,1258,2025-12-01,Soporte técnico,56,3
T-1258-3,1258,2026-05-10,Onboarding,36,4
T-1259-1,1259,2026-06-28,Soporte técnico,60,4
T-1259-2,1259,2026-08-12,Facturación,60,4
T-1259-3,1259,2026-05-07,Producto,51,5
T-1260-1,1260,2026-09-29,Onboarding,48,4
T-1262-1,1262,2026-02-23,Onboarding,63,5
T-1262-2,1262,2025-11-14,Facturación,78,1
T-1263-1,1263,2025-12-24,Producto,59,5
T-1265-1,1265,2026-05-19,Soporte técnico,91,3
T-1266-1,1266,2025-12-12,Producto,93,5
T-1266-2,1266,2026-01-12,Facturación,76,4
T-1266-3,1266,2026-09-21,Soporte técnico,80,4
T-1267-1,1267,2026-01-27,Onboarding,63,3
T-1268-1,1268,2026-07-10,Facturación,30,4
T-1268-2,1268,2026-07-09,Soporte técnico,78,5
T-1272-1,1272,2026-09-08,Soporte técnico,78,5
T-1273-1,1273,2025-11-16,Onboarding,52,4
T-1273-2,1273,2026-07-17,Soporte técnico,58,5
T-1274-1,1274,2025-11-04,Facturación,34,2
T-1275-1,1275,2026-07-14,Facturación,3,5
T-1275-2,1275,2026-07-16,Onboarding,32,3
T-1275-3,1275,2026-06-05,Facturación,71,5
T-1277-1,1277,2026-05-07,Soporte técnico,16,3
T-1277-2,1277,2026-05-08,Onboarding,18,4
T-1280-1,1280,2026-09-21,Onboarding,33,4
T-1280-2,1280,2026-09-27,Facturación,23,5
T-1280-3,1280,2026-08-18,Soporte técnico,2,4
T-1281-1,1281,2026-04-07,Soporte técnico,76,4
T-1283-1,1283,2026-02-20,Producto,76,2
T-1283-2,1283,2026-06-27,Soporte técnico,27,3
T-1283-3,1283,2026-03-30,Producto,49,4
T-1283-4,1283,2026-02-19,Producto,69,4
T-1283-5,1283,2026-07-17,Producto,34,1
T-1284-1,1284,2025-10-18,Producto,45,4
T-1284-2,1284,2026-06-10,Producto,45,1
T-1285-1,1285,2026-01-23,Producto,83,5
T-1285-2,1285,2026-02-26,Onboarding,39,3
T-1286-1,1286,2026-07-05,Soporte técnico,91,5
T-1286-2,1286,2026-03-21,Producto,63,4
T-1289-1,1289,2026-09-30,Producto,69,4
T-1289-2,1289,2026-05-10,Onboarding,21,5
T-1289-3,1289,2026-04-22,Facturación,12,4
T-1291-1,1291,2026-05-18,Facturación,43,5
T-1291-2,1291,2026-04-19,Producto,83,3
T-1293-1,1293,2026-06-11,Facturación,86,4
T-1293-2,1293,2026-07-14,Onboarding,49,3
T-1294-1,1294,2026-06-28,Onboarding,81,1
T-1294-2,1294,2026-09-09,Producto,13,5
T-1295-1,1295,2026-03-05,Facturación,62,4
T-1295-2,1295,2026-08-06,Soporte técnico,95,2
T-1296-1,1296,2025-12-26,Producto,4,4
T-1298-1,1298,2026-09-10,Onboarding,60,3
T-1298-2,1298,2026-07-14,Facturación,6,3
T-1298-3,1298,2026-08-26,Facturación,29,2
T-1298-4,1298,2026-07-11,Onboarding,51,4
T-1298-5,1298,2026-08-15,Soporte técnico,84,5
T-1299-1,1299,2026-06-30,Onboarding,77,4
T-1300-1,1300,2026-08-15,Onboarding,77,1
T-1300-2,1300,2026-01-11,Facturación,73,4
T-1300-3,1300,2026-05-11,Soporte técnico,46,2
T-1301-1,1301,2026-04-27,Producto,70,4
T-1303-1,1303,2026-09-11,Soporte técnico,38,1
T-1303-2,1303,2026-07-09,Producto,73,3
T-1303-3,1303,2026-02-24,Producto,11,3
T-1304-1,1304,2026-06-06,Soporte técnico,4,4
T-1306-1,1306,2026-01-16,Facturación,19,4
T-1306-2,1306,2026-01-14,Producto,30,4
T-1307-1,1307,2026-05-21,Onboarding,60,3
T-1308-1,1308,2026-03-27,Onboarding,17,4
T-1308-2,1308,2026-05-13,Soporte técnico,68,4
T-1308-3,1308,2026-01-06,Producto,67,4
T-1309-1,1309,2026-08-29,Producto,75,4
T-1311-1,1311,2026-08-04,Facturación,67,4
T-1314-1,1314,2026-01-10,Onboarding,62,4
T-1316-1,1316,2026-05-19,Facturación,46,5
T-1317-1,1317,2026-06-03,Facturación,57,3
T-1318-1,1318,2026-03-10,Onboarding,72,3
T-1318-2,1318,2026-03-15,Soporte técnico,45,3
T-1319-1,1319,2025-11-20,Producto,68,4
T-1319-2,1319,2025-12-08,Producto,66,3
T-1320-1,1320,2026-07-25,Onboarding,39,5
T-1321-1,1321,2026-02-27,Facturación,31,4
T-1323-1,1323,2026-02-12,Onboarding,67,2
T-1324-1,1324,2026-03-13,Facturación,17,5
T-1325-1,1325,2026-05-11,Producto,32,4
T-1325-2,1325,2025-11-10,Producto,89,3
T-1325-3,1325,2026-04-22,Onboarding,43,1
T-1327-1,1327,2026-03-18,Soporte técnico,17,3
T-1329-1,1329,2026-01-23,Facturación,18,3
T-1329-2,1329,2026-03-17,Facturación,91,4
T-1330-1,1330,2026-05-25,Facturación,62,2
T-1330-2,1330,2026-02-04,Soporte técnico,4,4
T-1331-1,1331,2026-09-01,Facturación,91,5
T-1338-1,1338,2026-08-22,Onboarding,71,5
T-1338-2,1338,2026-07-11,Soporte técnico,16,5
T-1338-3,1338,2026-09-09,Onboarding,33,2
T-1341-1,1341,2026-07-16,Producto,56,4
T-1342-1,1342,2026-07-24,Facturación,69,4
T-1342-2,1342,2026-07-28,Facturación,35,2
T-1342-3,1342,2026-03-31,Facturación,60,3
T-1344-1,1344,2026-08-08,Soporte técnico,2,5
T-1344-2,1344,2026-03-03,Facturación,54,5
T-1346-1,1346,2025-11-04,Soporte técnico,6,2
T-1346-2,1346,2026-09-19,Soporte técnico,90,1
T-1347-1,1347,2026-06-10,Producto,8,2
T-1347-2,1347,2026-08-06,Soporte técnico,8,3
T-1347-3,1347,2026-06-16,Producto,90,1
T-1348-1,1348,2026-05-17,Onboarding,33,4
T-1348-2,1348,2026-08-28,Soporte técnico,41,4
T-1351-1,1351,2026-09-18,Soporte técnico,21,4
T-1351-2,1351,2026-09-26,Onboarding,54,2
T-1355-1,1355,2026-06-17,Soporte técnico,42,3
T-1356-1,1356,2026-04-09,Onboarding,84,5
T-1360-1,1360,2026-06-23,Facturación,21,5
T-1360-2,1360,2026-07-09,Producto,21,4
T-1362-1,1362,2025-10-29,Facturación,16,3
T-1363-1,1363,2026-08-26,Facturación,96,3
T-1364-1,1364,2026-08-20,Soporte técnico,27,2
T-1364-2,1364,2026-09-26,Producto,61,3
T-1367-1,1367,2026-07-29,Onboarding,73,5
T-1367-2,1367,2026-06-10,Producto,92,3
T-1368-1,1368,2026-01-12,Facturación,34,5
T-1371-1,1371,2026-06-27,Facturación,58,4
T-1372-1,1372,2026-09-23,Onboarding,2,5
T-1373-1,1373,2026-06-24,Facturación,71,5
T-1374-1,1374,2025-11-27,Onboarding,30,2
T-1374-2,1374,2026-03-21,Facturación,89,4
T-1375-1,1375,2026-08-13,Onboarding,59,1
T-1375-2,1375,2026-01-26,Onboarding,90,3
T-1378-1,1378,2026-01-28,Producto,23,4
T-1378-2,1378,2026-01-27,Onboarding,96,4
T-1378-3,1378,2025-12-05,Facturación,70,4
T-1379-1,1379,2026-04-27,Soporte técnico,74,4
T-1383-1,1383,2026-01-18,Facturación,89,4
T-1383-2,1383,2026-08-26,Soporte técnico,83,4
T-1383-3,1383,2026-04-04,Facturación,48,4
T-1384-1,1384,2026-08-12,Onboarding,37,4
T-1384-2,1384,2026-03-27,Facturación,21,3
T-1387-1,1387,2026-03-27,Onboarding,60,3
T-1387-2,1387,2026-04-13,Facturación,42,4
T-1388-1,1388,2026-05-20,Onboarding,64,4
T-1388-2,1388,2026-04-10,Onboarding,94,3
T-1389-1,1389,2026-03-30,Onboarding,24,4
T-1389-2,1389,2026-08-24,Facturación,6,5
T-1390-1,1390,2026-04-13,Facturación,90,4
T-1392-1,1392,2026-03-08,Facturación,63,4
T-1392-2,1392,2026-03-06,Producto,96,5
T-1392-3,1392,2026-08-03,Soporte técnico,25,5
T-1394-1,1394,2026-06-23,Facturación,78,5
T-1394-2,1394,2026-07-23,Producto,8,4
T-1395-1,1395,2026-07-18,Producto,28,4
T-1395-2,1395,2026-05-21,Soporte técnico,63,5
T-1399-1,1399,2026-04-19,Soporte técnico,65,5
T-1400-1,1400,2026-05-20,Facturación,39,4
T-1401-1,1401,2025-11-23,Producto,68,5
T-1401-2,1401,2026-02-12,Producto,84,5
T-1402-1,1402,2026-08-17,Soporte técnico,89,3
T-1402-2,1402,2026-09-11,Soporte técnico,66,5
T-1403-1,1403,2026-08-07,Producto,9,3
T-1405-1,1405,2026-09-25,Soporte técnico,5,4
T-1405-2,1405,2025-12-29,Facturación,33,2
T-1407-1,1407,2026-08-20,Onboarding,82,4
T-1408-1,1408,2026-04-23,Soporte técnico,11,3
T-1408-2,1408,2026-06-28,Onboarding,22,2
T-1410-1,1410,2026-05-01,Producto,94,3
T-1410-2,1410,2026-08-15,Facturación,47,4
T-1411-1,1411,2026-09-11,Facturación,44,5
T-1412-1,1412,2026-08-10,Soporte técnico,71,1
T-1412-2,1412,2026-01-29,Facturación,21,5
T-1414-1,1414,2025-11-28,Onboarding,21,2
T-1414-2,1414,2025-11-10,Producto,53,5
T-1417-1,1417,2026-09-05,Facturación,91,4
T-1418-1,1418,2026-08-19,Producto,92,2
T-1420-1,1420,2026-04-06,Soporte técnico,37,3
T-1420-2,1420,2026-09-01,Onboarding,49,3
T-1421-1,1421,2026-08-09,Onboarding,42,5
T-1421-2,1421,2026-04-27,Soporte técnico,34,4
T-1422-1,1422,2026-08-31,Facturación,66,5
T-1427-1,1427,2025-12-24,Facturación,69,4
T-1428-1,1428,2026-09-09,Onboarding,20,5
T-1429-1,1429,2026-08-21,Facturación,63,5
T-1430-1,1430,2026-02-16,Onboarding,70,5
T-1430-2,1430,2026-05-17,Facturación,75,4
T-1430-3,1430,2026-04-14,Producto,12,3
T-1432-1,1432,2025-11-25,Producto,22,4
T-1432-2,1432,2026-02-04,Facturación,30,3
T-1433-1,1433,2026-07-28,Soporte técnico,10,3
T-1435-1,1435,2026-06-13,Facturación,48,4
T-1435-2,1435,2025-10-15,Producto,17,3
T-1435-3,1435,2025-12-30,Facturación,88,5
T-1436-1,1436,2025-10-27,Facturación,2,3
T-1436-2,1436,2025-12-14,Onboarding,69,3
T-1436-3,1436,2026-02-10,Soporte técnico,77,4
T-1437-1,1437,2026-07-18,Facturación,16,3
T-1438-1,1438,2026-06-24,Facturación,80,1
T-1438-2,1438,2026-06-16,Soporte técnico,75,2
T-1439-1,1439,2026-01-12,Onboarding,76,5
T-1440-1,1440,2026-01-27,Producto,73,4
T-1441-1,1441,2025-10-11,Soporte técnico,31,4
T-1444-1,1444,2026-04-09,Onboarding,79,5
T-1444-2,1444,2025-12-17,Producto,70,5
T-1445-1,1445,2026-02-25,Soporte técnico,39,5
T-1446-1,1446,2026-07-05,Onboarding,42,3
T-1447-1,1447,2026-09-11,Producto,59,4
T-1448-1,1448,2026-06-08,Facturación,4,4
T-1448-2,1448,2026-08-19,Onboarding,36,4
T-1448-3,1448,2025-11-15,Facturación,63,4
T-1449-1,1449,2026-03-13,Soporte técnico,31,5
T-1449-2,1449,2026-02-10,Facturación,68,5
T-1449-3,1449,2026-08-14,Facturación,7,4
T-1450-1,1450,2026-08-21,Onboarding,74,5
T-1450-2,1450,2026-09-22,Producto,62,5
T-1451-1,1451,2025-11-30,Facturación,73,4
T-1451-2,1451,2025-12-02,Onboarding,82,4
T-1451-3,1451,2026-07-09,Producto,84,2
T-1453-1,1453,2026-07-20,Producto,75,5
T-1453-2,1453,2026-06-16,Soporte técnico,19,5
T-1455-1,1455,2026-06-27,Onboarding,23,4
T-1460-1,1460,2025-11-27,Facturación,18,2
T-1461-1,1461,2026-03-18,Facturación,57,2
T-1462-1,1462,2025-11-30,Onboarding,45,5
T-1468-1,1468,2026-07-27,Producto,88,5
T-1470-1,1470,2026-06-22,Facturación,52,2
T-1472-1,1472,2026-04-10,Producto,74,4
T-1472-2,1472,2025-12-14,Soporte técnico,14,5
T-1473-1,1473,2026-04-24,Soporte técnico,76,3
T-1473-2,1473,2026-06-07,Soporte técnico,6,1
T-1474-1,1474,2026-09-15,Soporte técnico,89,3
T-1474-2,1474,2026-09-04,Producto,19,4
T-1477-1,1477,2026-09-18,Onboarding,34,3
T-1477-2,1477,2025-11-19,Facturación,74,3
T-1477-3,1477,2026-05-11,Producto,52,4
T-1478-1,1478,2026-04-23,Soporte técnico,39,4
T-1479-1,1479,2026-05-09,Onboarding,2,3
T-1479-2,1479,2026-08-01,Soporte técnico,76,2
T-1480-1,1480,2026-07-11,Soporte técnico,41,5
T-1480-2,1480,2026-05-19,Onboarding,49,4
T-1484-1,1484,2026-05-29,Soporte técnico,47,4
T-1485-1,1485,2026-04-08,Onboarding,26,4
T-1486-1,1486,2026-09-26,Facturación,42,4
T-1486-2,1486,2026-07-28,Onboarding,35,4
T-1488-1,1488,2026-08-09,Producto,9,5
T-1492-1,1492,2026-06-08,Onboarding,76,4
T-1492-2,1492,2026-07-19,Onboarding,12,2
T-1492-3,1492,2026-01-16,Producto,72,5
T-1493-1,1493,2026-05-28,Onboarding,7,4
T-1494-1,1494,2026-04-14,Onboarding,95,5
T-1494-2,1494,2026-02-08,Onboarding,90,1
T-1494-3,1494,2026-01-13,Soporte técnico,93,3
T-1494-4,1494,2026-03-08,Onboarding,10,3
T-1496-1,1496,2026-04-22,Facturación,17,4
T-1499-1,1499,2026-05-24,Soporte técnico,94,4
T-1500-1,1500,2026-05-12,Soporte técnico,78,5
T-1502-1,1502,2026-01-21,Producto,4,4
T-1505-1,1505,2026-08-14,Soporte técnico,36,5
T-1506-1,1506,2026-04-19,Producto,24,4
T-1510-1,1510,2026-08-02,Producto,70,2
T-1511-1,1511,2025-10-28,Facturación,63,5
T-1511-2,1511,2026-01-28,Soporte técnico,37,4
T-1513-1,1513,2025-10-08,Facturación,58,2
T-1513-2,1513,2025-11-04,Facturación,48,2
T-1513-3,1513,2026-05-30,Onboarding,25,2
T-1514-1,1514,2026-09-08,Producto,38,3
T-1514-2,1514,2026-09-24,Soporte técnico,66,4
T-1514-3,1514,2026-10-02,Soporte técnico,17,4
T-1514-4,1514,2026-09-27,Soporte técnico,40,3
T-1516-1,1516,2025-11-29,Onboarding,28,5
T-1516-2,1516,2026-05-02,Soporte técnico,49,4
T-1516-3,1516,2026-03-11,Producto,26,4
T-1517-1,1517,2026-01-09,Facturación,16,3
T-1517-2,1517,2026-03-03,Onboarding,15,3
T-1517-3,1517,2026-05-23,Facturación,5,2
T-1517-4,1517,2026-03-26,Producto,80,4
T-1517-5,1517,2026-09-01,Facturación,74,3
T-1518-1,1518,2025-12-08,Soporte técnico,88,4
T-1518-2,1518,2026-02-02,Onboarding,29,4
T-1518-3,1518,2026-01-13,Producto,89,4
T-1519-1,1519,2025-10-05,Onboarding,5,5
T-1519-2,1519,2026-02-06,Producto,24,5
T-1520-1,1520,2026-09-28,Onboarding,30,3
T-1526-1,1526,2026-04-14,Facturación,83,4
T-1526-2,1526,2026-06-02,Onboarding,71,5
T-1527-1,1527,2026-02-03,Facturación,86,5
T-1527-2,1527,2026-09-04,Producto,51,3
T-1528-1,1528,2026-06-11,Soporte técnico,29,5
T-1528-2,1528,2026-03-29,Onboarding,41,4
T-1529-1,1529,2026-08-17,Producto,75,3
T-1530-1,1530,2026-06-02,Producto,40,4
T-1530-2,1530,2025-10-13,Facturación,29,3
T-1530-3,1530,2026-09-26,Producto,82,1
T-1531-1,1531,2026-08-27,Soporte técnico,91,2
T-1532-1,1532,2026-06-09,Soporte técnico,73,4
T-1532-2,1532,2026-09-26,Facturación,85,3
T-1533-1,1533,2026-08-23,Onboarding,38,5
T-1533-2,1533,2026-05-16,Soporte técnico,15,3
T-1534-1,1534,2026-01-15,Producto,88,3
T-1534-2,1534,2026-03-06,Facturación,65,1
T-1534-3,1534,2026-04-29,Facturación,24,3
T-1534-4,1534,2026-03-02,Onboarding,73,4
T-1534-5,1534,2026-07-22,Onboarding,87,3
T-1535-1,1535,2026-08-28,Onboarding,5,4
T-1535-2,1535,2026-09-22,Soporte técnico,41,3
T-1535-3,1535,2026-06-28,Facturación,40,4
T-1535-4,1535,2026-07-11,Soporte técnico,6,3
T-1536-1,1536,2026-06-22,Soporte técnico,10,5
T-1538-1,1538,2026-06-13,Onboarding,94,5
T-1539-1,1539,2025-10-19,Soporte técnico,45,4
T-1541-1,1541,2025-10-03,Producto,96,3
T-1541-2,1541,2026-06-28,Facturación,35,4
T-1541-3,1541,2026-09-05,Producto,64,4
T-1543-1,1543,2026-05-07,Soporte técnico,27,1
T-1543-2,1543,2025-12-26,Onboarding,85,4
T-1544-1,1544,2025-12-24,Facturación,52,5
T-1544-2,1544,2026-02-17,Producto,8,5
T-1545-1,1545,2026-03-27,Soporte técnico,73,5
T-1546-1,1546,2025-12-21,Soporte técnico,79,4
T-1549-1,1549,2025-11-20,Onboarding,47,3
T-1550-1,1550,2026-07-27,Onboarding,10,5
T-1550-2,1550,2026-09-11,Facturación,12,5
T-1550-3,1550,2025-12-25,Soporte técnico,59,4
T-1551-1,1551,2026-09-27,Producto,61,2
T-1551-2,1551,2026-09-23,Onboarding,33,5
T-1552-1,1552,2026-01-17,Facturación,4,3
T-1553-1,1553,2026-08-25,Soporte técnico,52,1
T-1553-2,1553,2026-08-24,Producto,94,5
T-1556-1,1556,2026-02-11,Facturación,49,5
T-1558-1,1558,2026-07-11,Soporte técnico,74,5
T-1561-1,1561,2026-01-22,Soporte técnico,55,4
T-1562-1,1562,2026-03-27,Onboarding,95,4
T-1563-1,1563,2026-02-17,Facturación,5,2
T-1564-1,1564,2025-11-21,Onboarding,40,4
T-1566-1,1566,2026-05-10,Soporte técnico,65,3
T-1566-2,1566,2026-02-19,Producto,77,4
T-1567-1,1567,2026-07-20,Facturación,18,4
T-1568-1,1568,2026-07-17,Facturación,94,3
T-1569-1,1569,2026-09-23,Facturación,26,2
T-1569-2,1569,2026-07-17,Soporte técnico,73,2
T-1569-3,1569,2026-04-04,Producto,27,4
T-1570-1,1570,2026-09-23,Producto,48,1
T-1571-1,1571,2025-11-20,Onboarding,80,2
T-1571-2,1571,2026-07-10,Soporte técnico,19,5
T-1572-1,1572,2026-05-30,Producto,44,4
T-1573-1,1573,2026-01-23,Onboarding,33,4
T-1573-2,1573,2026-04-27,Onboarding,77,3
T-1574-1,1574,2025-10-03,Producto,91,4
T-1575-1,1575,2026-07-26,Producto,8,4
T-1575-2,1575,2026-04-20,Producto,56,3
T-1577-1,1577,2026-06-25,Producto,31,1
T-1577-2,1577,2026-06-27,Producto,49,4
T-1578-1,1578,2026-04-10,Onboarding,72,5
T-1581-1,1581,2026-02-02,Soporte técnico,84,4
T-1584-1,1584,2026-08-25,Onboarding,40,5
T-1584-2,1584,2026-09-12,Onboarding,62,4
T-1585-1,1585,2026-08-26,Onboarding,66,5
T-1586-1,1586,2026-06-16,Facturación,57,4
T-1586-2,1586,2026-02-12,Producto,75,5
T-1586-3,1586,2026-03-09,Soporte técnico,17,4
T-1588-1,1588,2026-05-04,Producto,89,4
T-1588-2,1588,2026-09-07,Soporte técnico,36,2
T-1588-3,1588,2026-01-23,Onboarding,96,4
T-1592-1,1592,2026-08-17,Producto,80,3
T-1592-2,1592,2026-02-12,Soporte técnico,83,3
T-1592-3,1592,2026-03-10,Soporte técnico,57,3
T-1593-1,1593,2026-04-10,Soporte técnico,62,5
T-1593-2,1593,2026-09-07,Facturación,25,4
T-1594-1,1594,2026-01-13,Soporte técnico,57,5
T-1596-1,1596,2026-02-16,Onboarding,56,5
T-1597-1,1597,2026-07-29,Soporte técnico,77,4
T-1598-1,1598,2026-06-08,Soporte técnico,18,3
T-1600-1,1600,2026-01-26,Soporte técnico,51,5
T-1602-1,1602,2026-09-12,Facturación,86,4
T-1604-1,1604,2025-12-30,Soporte técnico,17,3
T-1604-2,1604,2026-07-19,Producto,9,5
T-1604-3,1604,2026-05-27,Onboarding,11,3
T-1605-1,1605,2025-11-15,Facturación,5,4
T-1605-2,1605,2026-08-07,Soporte técnico,65,5
T-1607-1,1607,2026-02-21,Onboarding,55,3
T-1607-2,1607,2025-12-20,Facturación,22,3
T-1607-3,1607,2026-06-26,Soporte técnico,53,3
T-1608-1,1608,2026-01-16,Facturación,70,5
T-1609-1,1609,2026-09-14,Facturación,53,3
T-1610-1,1610,2026-02-20,Producto,36,5
T-1610-2,1610,2025-12-22,Soporte técnico,63,5
T-1610-3,1610,2026-07-02,Onboarding,78,5
T-1615-1,1615,2026-05-04,Soporte técnico,22,2
T-1618-1,1618,2026-07-28,Soporte técnico,25,3
T-1618-2,1618,2026-09-16,Onboarding,87,3
T-1621-1,1621,2026-09-16,Onboarding,63,4
T-1622-1,1622,2026-01-14,Soporte técnico,6,4
T-1622-2,1622,2026-07-04,Soporte técnico,74,4
T-1622-3,1622,2026-02-05,Onboarding,53,5
T-1623-1,1623,2026-03-30,Producto,54,4
T-1623-2,1623,2026-02-05,Producto,2,3
T-1623-3,1623,2026-02-20,Facturación,70,3
T-1626-1,1626,2026-09-17,Soporte técnico,93,3
T-1626-2,1626,2026-04-19,Onboarding,32,5
T-1627-1,1627,2026-07-05,Facturación,27,4
T-1629-1,1629,2026-09-10,Onboarding,65,3
T-1630-1,1630,2025-10-27,Producto,94,4
T-1630-2,1630,2026-07-02,Soporte técnico,49,4
T-1630-3,1630,2026-01-20,Onboarding,55,1
T-1630-4,1630,2025-11-15,Facturación,70,3
T-1631-1,1631,2026-01-29,Onboarding,67,3
T-1631-2,1631,2025-11-26,Onboarding,38,3
T-1636-1,1636,2026-09-23,Producto,95,4
T-1636-2,1636,2026-03-31,Producto,37,5
T-1638-1,1638,2026-07-22,Producto,35,4
T-1641-1,1641,2026-09-20,Producto,53,4
T-1641-2,1641,2026-09-30,Producto,86,2
T-1642-1,1642,2026-08-27,Onboarding,12,4
T-1643-1,1643,2026-01-14,Producto,6,3
T-1643-2,1643,2026-01-28,Onboarding,23,5
T-1646-1,1646,2025-12-30,Producto,64,2
T-1646-2,1646,2026-07-26,Soporte técnico,74,2
T-1646-3,1646,2025-12-28,Producto,54,5
T-1647-1,1647,2025-12-23,Facturación,88,4
T-1650-1,1650,2025-11-18,Producto,44,2
T-1650-2,1650,2026-06-02,Facturación,46,4
T-1653-1,1653,2026-05-30,Facturación,41,5
T-1654-1,1654,2026-07-30,Soporte técnico,41,3
T-1655-1,1655,2026-09-24,Producto,37,4
T-1655-2,1655,2026-09-18,Producto,88,3
T-1656-1,1656,2026-08-04,Producto,92,2
T-1656-2,1656,2026-06-17,Soporte técnico,78,4
T-1658-1,1658,2025-12-21,Onboarding,68,5
T-1658-2,1658,2026-05-22,Onboarding,90,2
T-1658-3,1658,2026-01-04,Soporte técnico,59,2
T-1658-4,1658,2025-12-16,Soporte técnico,5,5
T-1659-1,1659,2026-02-22,Facturación,56,4
T-1659-2,1659,2026-08-19,Facturación,55,1
T-1659-3,1659,2026-02-23,Onboarding,18,4
T-1661-1,1661,2026-07-20,Onboarding,22,5
T-1662-1,1662,2026-08-19,Producto,3,5
T-1662-2,1662,2026-03-08,Facturación,84,4
T-1664-1,1664,2026-06-04,Onboarding,67,4
T-1665-1,1665,2026-09-17,Soporte técnico,88,4
T-1665-2,1665,2026-09-17,Soporte técnico,63,2
T-1665-3,1665,2026-09-11,Facturación,53,3
T-1666-1,1666,2026-07-18,Onboarding,96,4
T-1668-1,1668,2026-03-28,Facturación,8,5
T-1668-2,1668,2025-12-20,Facturación,8,4
T-1668-3,1668,2025-12-05,Onboarding,75,5
T-1669-1,1669,2026-02-13,Facturación,87,4
T-1669-2,1669,2026-02-18,Facturación,61,1
T-1669-3,1669,2026-06-10,Soporte técnico,69,4
T-1671-1,1671,2026-05-11,Onboarding,70,5
T-1673-1,1673,2026-04-19,Facturación,86,5
T-1674-1,1674,2026-09-29,Producto,75,4
T-1675-1,1675,2025-11-24,Soporte técnico,47,4
T-1676-1,1676,2026-09-19,Onboarding,61,1
T-1678-1,1678,2026-08-31,Producto,3,4
T-1678-2,1678,2026-04-23,Producto,26,5
T-1678-3,1678,2026-09-01,Facturación,46,4
T-1682-1,1682,2025-11-07,Facturación,88,4
T-1683-1,1683,2026-05-18,Producto,53,1
T-1684-1,1684,2026-08-25,Producto,41,5
T-1684-2,1684,2026-09-15,Producto,66,5
T-1685-1,1685,2026-06-19,Soporte técnico,14,5
T-1686-1,1686,2026-04-02,Producto,92,4
T-1688-1,1688,2026-08-14,Onboarding,16,4
T-1688-2,1688,2026-09-06,Facturación,26,4
T-1689-1,1689,2026-08-21,Onboarding,29,3
T-1690-1,1690,2026-09-20,Producto,5,5
T-1691-1,1691,2025-11-01,Onboarding,30,4
T-1693-1,1693,2026-09-25,Soporte técnico,82,5
T-1693-2,1693,2026-09-14,Facturación,69,5
T-1694-1,1694,2026-06-20,Onboarding,4,3
T-1694-2,1694,2026-02-17,Soporte técnico,87,2
T-1694-3,1694,2026-06-12,Onboarding,36,3
T-1695-1,1695,2026-05-02,Onboarding,71,2
T-1696-1,1696,2026-09-19,Facturación,74,5
T-1696-2,1696,2026-03-21,Facturación,18,4
T-1696-3,1696,2026-09-04,Onboarding,11,4
T-1698-1,1698,2026-04-14,Soporte técnico,54,4
T-1698-2,1698,2026-04-24,Soporte técnico,90,3
T-1699-1,1699,2026-06-21,Producto,73,5
T-1699-2,1699,2026-07-07,Facturación,43,4
T-1699-3,1699,2026-07-04,Soporte técnico,72,4
T-1700-1,1700,2025-11-05,Producto,43,4
T-1700-2,1700,2026-08-05,Onboarding,96,4
T-1707-1,1707,2026-09-19,Onboarding,17,4
T-1709-1,1709,2026-07-21,Onboarding,49,4
T-1711-1,1711,2026-07-27,Soporte técnico,4,5
T-1711-2,1711,2026-01-02,Onboarding,96,1
T-1711-3,1711,2025-12-05,Onboarding,20,3
T-1712-1,1712,2026-04-03,Producto,72,4
T-1713-1,1713,2026-05-10,Soporte técnico,57,5
T-1713-2,1713,2026-04-03,Soporte técnico,19,5
T-1714-1,1714,2026-03-27,Producto,30,4
T-1714-2,1714,2026-03-01,Facturación,60,4
T-1715-1,1715,2026-03-10,Soporte técnico,23,5
T-1716-1,1716,2026-06-02,Facturación,68,4
T-1716-2,1716,2026-06-13,Facturación,35,4
T-1718-1,1718,2025-12-14,Onboarding,73,4
T-1719-1,1719,2026-08-23,Soporte técnico,95,5
T-1719-2,1719,2026-07-19,Onboarding,74,5
T-1722-1,1722,2026-05-29,Onboarding,34,2
T-1723-1,1723,2025-12-04,Facturación,34,5
T-1723-2,1723,2026-08-29,Onboarding,41,5
T-1726-1,1726,2026-09-16,Facturación,25,4
T-1727-1,1727,2026-01-14,Producto,28,5
T-1730-1,1730,2026-03-09,Facturación,57,3
T-1730-2,1730,2026-09-08,Soporte técnico,14,5
T-1734-1,1734,2026-07-08,Producto,25,4
T-1734-2,1734,2026-08-12,Facturación,68,4
T-1734-3,1734,2026-07-01,Onboarding,27,5
T-1736-1,1736,2026-05-18,Producto,85,5
T-1736-2,1736,2026-08-26,Onboarding,92,2
T-1738-1,1738,2026-08-30,Soporte técnico,18,4
T-1738-2,1738,2026-08-06,Facturación,60,2
T-1738-3,1738,2026-07-12,Soporte técnico,45,5
T-1740-1,1740,2026-01-18,Facturación,94,2
T-1743-1,1743,2026-06-03,Onboarding,4,3
T-1743-2,1743,2026-06-22,Facturación,46,3
T-1743-3,1743,2026-09-11,Producto,52,4
T-1744-1,1744,2026-07-14,Producto,44,5
T-1744-2,1744,2025-11-13,Onboarding,55,2
T-1744-3,1744,2025-12-15,Onboarding,12,4
T-1744-4,1744,2026-04-09,Soporte técnico,95,3
T-1745-1,1745,2026-07-04,Onboarding,44,5
T-1745-2,1745,2026-09-17,Facturación,81,4
T-1747-1,1747,2026-08-17,Producto,79,5
T-1748-1,1748,2025-11-29,Producto,52,3
T-1748-2,1748,2026-09-26,Producto,78,5
T-1749-1,1749,2025-12-07,Facturación,5,5
T-1749-2,1749,2026-04-04,Facturación,69,5
T-1750-1,1750,2025-10-10,Facturación,63,3
T-1750-2,1750,2026-02-03,Onboarding,89,4
T-1751-1,1751,2026-06-10,Onboarding,95,5
T-1751-2,1751,2026-09-29,Producto,40,3
T-1751-3,1751,2026-09-28,Soporte técnico,85,3
T-1754-1,1754,2026-09-23,Facturación,47,5
T-1754-2,1754,2026-09-13,Producto,32,5
T-1756-1,1756,2026-08-17,Facturación,11,3
T-1757-1,1757,2026-04-14,Onboarding,29,4
T-1762-1,1762,2026-09-22,Producto,34,4
T-1762-2,1762,2026-09-24,Soporte técnico,34,4
T-1763-1,1763,2026-08-04,Facturación,3,1
T-1763-2,1763,2025-12-17,Facturación,41,5
T-1764-1,1764,2026-08-21,Facturación,40,3
T-1766-1,1766,2026-08-21,Soporte técnico,66,4
T-1766-2,1766,2026-07-23,Onboarding,6,3
T-1766-3,1766,2026-09-02,Facturación,13,3
T-1766-4,1766,2026-09-27,Onboarding,13,1
T-1769-1,1769,2026-06-24,Producto,76,3
T-1771-1,1771,2025-12-25,Soporte técnico,12,5
T-1774-1,1774,2026-03-06,Producto,17,2
T-1775-1,1775,2026-03-15,Soporte técnico,80,1
T-1775-2,1775,2025-11-21,Facturación,81,5
T-1775-3,1775,2026-02-08,Producto,29,4
T-1777-1,1777,2025-12-29,Soporte técnico,41,4
T-1777-2,1777,2025-12-14,Onboarding,94,3
T-1779-1,1779,2026-04-27,Producto,38,5
T-1780-1,1780,2026-08-08,Producto,77,4
T-1781-1,1781,2026-03-23,Onboarding,4,4
T-1782-1,1782,2026-06-21,Soporte técnico,40,2
T-1782-2,1782,2026-08-12,Onboarding,70,4
T-1783-1,1783,2026-07-31,Onboarding,76,3
T-1783-2,1783,2026-09-09,Onboarding,93,3
T-1783-3,1783,2026-08-05,Producto,28,5
T-1784-1,1784,2026-05-15,Facturación,28,4
T-1787-1,1787,2026-05-16,Facturación,23,5
T-1787-2,1787,2026-03-06,Soporte técnico,31,5
T-1788-1,1788,2026-08-10,Onboarding,17,2
T-1789-1,1789,2026-08-28,Onboarding,86,4
T-1790-1,1790,2026-08-05,Soporte técnico,6,5
T-1790-2,1790,2026-06-19,Producto,12,4
T-1791-1,1791,2026-02-27,Facturación,9,5
T-1791-2,1791,2026-08-04,Producto,49,5
T-1793-1,1793,2026-02-04,Soporte técnico,21,5
T-1795-1,1795,2026-06-12,Onboarding,92,5
T-1795-2,1795,2025-11-20,Producto,52,3
T-1797-1,1797,2025-12-22,Onboarding,19,3
T-1797-2,1797,2025-10-11,Facturación,77,2
T-1800-1,1800,2026-03-12,Producto,64,5
