subscription_id,customer_id,plan_id,start_date,end_date,status,monthly_revenue,churn_reason
1,1,3,2026-07-18,,Active,69.0,
2,2,1,2026-02-07,,Active,19.0,
3,3,2,2026-01-02,,Active,39.0,
4,4,3,2024-11-01,,Active,69.0,
5,5,2,2024-09-06,,Active,39.0,
6,6,4,2023-10-21,,Active,119.0,
7,7,1,2026-08-27,,Active,19.0,
8,8,1,2024-11-04,,Active,19.0,
9,9,1,2025-06-10,,Active,19.0,
10,10,2,2025-08-26,,Active,39.0,
11,11,2,2025-05-03,,Active,39.0,
12,12,1,2025-09-01,,Active,19.0,
13,13,4,2024-12-25,2025-01-15,Churned,119.0,Funcionalidades
14,14,1,2024-08-07,,Active,19.0,
15,15,3,2023-12-24,,Active,69.0,
16,16,3,2024-05-08,,Active,69.0,
17,17,1,2024-04-02,,Active,19.0,
18,18,1,2025-07-01,,Active,19.0,
19,19,2,2024-11-07,,Active,39.0,
20,20,1,2026-06-02,,Active,19.0,
21,21,1,2025-12-07,,Active,19.0,
22,22,4,2025-02-07,,Active,119.0,
23,23,2,2026-08-21,,Active,39.0,
24,24,1,2024-11-14,,Active,19.0,
25,25,1,2025-10-12,2026-01-04,Churned,19.0,Bajo uso
26,26,3,2024-08-09,,Active,69.0,
27,27,2,2023-12-21,,Active,39.0,
28,28,1,2025-05-19,,Active,19.0,
29,29,1,2026-05-20,,Active,19.0,
30,30,3,2024-05-22,,Active,69.0,
31,31,1,2023-11-06,,Active,19.0,
32,32,1,2024-11-22,,Active,19.0,
33,33,1,2024-09-30,,Active,19.0,
34,34,1,2026-09-05,,Active,19.0,
35,35,1,2025-03-17,,Active,19.0,
36,36,1,2026-02-15,,Active,19.0,
37,37,1,2026-01-15,,Active,19.0,
38,38,1,2023-11-20,,Active,19.0,
39,39,1,2025-02-05,,Active,19.0,
40,40,1,2026-07-17,2026-09-28,Churned,19.0,Soporte
41,41,1,2024-04-03,,Active,19.0,
42,42,2,2024-11-22,,Active,39.0,
43,43,1,2025-01-02,,Active,19.0,
44,44,4,2024-08-15,,Active,119.0,
45,45,2,2024-11-17,,Active,39.0,
46,46,1,2024-08-22,,Active,19.0,
47,47,1,2025-01-10,,Active,19.0,
48,48,2,2025-03-05,,Active,39.0,
49,49,3,2025-05-25,,Active,69.0,
50,50,1,2026-06-20,,Active,19.0,
51,51,1,2025-03-09,2025-11-02,Churned,19.0,Funcionalidades
52,52,1,2024-07-07,2025-06-02,Churned,19.0,Soporte
53,53,1,2024-01-05,,Active,19.0,
54,54,1,2026-04-12,,Active,19.0,
55,55,3,2025-10-28,,Active,69.0,
56,56,1,2025-06-06,,Active,19.0,
57,57,1,2024-12-16,,Active,19.0,
58,58,2,2025-02-12,,Active,39.0,
59,59,3,2025-03-13,,Active,69.0,
60,60,2,2026-06-25,,Active,39.0,
61,61,2,2025-02-17,2026-02-27,Churned,39.0,Funcionalidades
62,62,1,2024-12-07,,Active,19.0,
63,63,1,2026-05-17,,Active,19.0,
64,64,1,2026-03-01,2026-08-24,Churned,19.0,Soporte
65,65,4,2026-07-19,,Active,119.0,
66,66,2,2025-12-12,,Active,39.0,
67,67,2,2025-08-21,,Active,39.0,
68,68,1,2026-09-11,2026-09-30,Churned,19.0,Precio
69,69,2,2024-12-17,,Active,39.0,
70,70,1,2025-06-09,,Active,19.0,
71,71,1,2026-05-04,,Active,19.0,
72,72,3,2025-07-19,,Active,69.0,
73,73,1,2024-03-16,,Active,19.0,
74,74,2,2025-11-25,,Active,39.0,
75,75,1,2024-12-05,,Active,19.0,
76,76,3,2024-07-07,,Active,69.0,
77,77,3,2026-01-17,,Active,69.0,
78,78,2,2024-07-02,,Active,39.0,
79,79,3,2024-07-27,,Active,69.0,
80,80,2,2024-05-17,,Active,39.0,
81,81,4,2025-05-12,,Active,119.0,
82,82,2,2025-06-10,,Active,39.0,
83,83,2,2024-10-26,,Active,39.0,
84,84,1,2024-04-28,,Active,19.0,
85,85,1,2025-01-22,,Active,19.0,
86,86,2,2025-03-24,,Active,39.0,
87,87,2,2026-04-15,,Active,39.0,
88,88,3,2025-02-03,,Active,69.0,
89,89,1,2023-11-14,2024-07-17,Churned,19.0,Bajo uso
90,90,3,2026-08-16,,Active,69.0,
91,91,1,2025-07-01,,Active,19.0,
92,92,1,2025-11-30,,Active,19.0,
93,93,1,2024-11-02,,Active,19.0,
94,94,1,2024-04-10,,Active,19.0,
95,95,1,2025-01-15,,Active,19.0,
96,96,2,2025-07-10,,Active,39.0,
97,97,2,2024-05-08,,Active,39.0,
98,98,2,2024-03-10,,Active,39.0,
99,99,2,2025-01-08,,Active,39.0,
100,100,2,2024-07-28,,Active,39.0,
101,101,1,2023-12-21,,Active,19.0,
102,102,1,2025-04-25,,Active,19.0,
103,103,2,2024-12-03,,Active,39.0,
104,104,4,2025-02-20,,Active,119.0,
105,105,3,2025-08-23,,Active,69.0,
106,106,3,2025-08-10,,Active,69.0,
107,107,2,2024-11-04,,Active,39.0,
108,108,2,2024-09-03,,Active,39.0,
109,109,3,2026-05-06,,Active,69.0,
110,110,1,2024-09-18,,Active,19.0,
111,111,1,2024-09-08,,Active,19.0,
112,112,3,2026-05-30,,Active,69.0,
113,113,2,2025-11-24,,Active,39.0,
114,114,2,2023-11-19,,Active,39.0,
115,115,1,2024-10-15,,Active,19.0,
116,116,2,2024-11-03,,Active,39.0,
117,117,3,2026-04-18,,Active,69.0,
118,118,1,2024-11-11,,Active,19.0,
119,119,1,2024-06-29,,Active,19.0,
120,120,1,2024-01-25,,Active,19.0,
121,121,2,2026-02-09,,Active,39.0,
122,122,2,2024-08-22,,Active,39.0,
123,123,1,2024-08-15,2026-08-12,Churned,19.0,Funcionalidades
124,124,1,2024-11-04,,Active,19.0,
125,125,2,2025-07-25,,Active,39.0,
126,126,1,2024-12-24,,Active,19.0,
127,127,1,2025-02-05,,Active,19.0,
128,128,4,2024-01-01,,Active,119.0,
129,129,4,2024-04-21,,Active,119.0,
130,130,1,2025-07-17,,Active,19.0,
131,131,1,2025-03-09,,Active,19.0,
132,132,2,2026-06-04,,Active,39.0,
133,133,2,2025-04-23,,Active,39.0,
134,134,4,2023-12-26,,Active,119.0,
135,135,4,2024-09-17,2025-02-17,Churned,119.0,Funcionalidades
136,136,2,2026-09-10,,Active,39.0,
137,137,1,2025-11-10,2025-11-26,Churned,19.0,Funcionalidades
138,138,2,2024-12-06,,Active,39.0,
139,139,1,2025-07-02,,Active,19.0,
140,140,2,2025-12-19,,Active,39.0,
141,141,1,2026-06-22,,Active,19.0,
142,142,2,2024-11-25,,Active,39.0,
143,143,2,2024-12-04,2026-08-22,Churned,39.0,Bajo uso
144,144,1,2026-05-09,,Active,19.0,
145,145,4,2025-05-17,,Active,119.0,
146,146,2,2026-08-06,,Active,39.0,
147,147,3,2024-09-02,2024-10-01,Churned,69.0,Competencia
148,148,2,2024-05-30,2026-06-17,Churned,39.0,Precio
149,149,2,2026-01-12,,Active,39.0,
150,150,1,2026-03-01,,Active,19.0,
151,151,1,2025-01-09,,Active,19.0,
152,152,4,2026-04-06,,Active,119.0,
153,153,1,2023-11-15,,Active,19.0,
154,154,2,2024-07-29,,Active,39.0,
155,155,2,2026-08-06,,Active,39.0,
156,156,3,2025-11-08,,Active,69.0,
157,157,2,2025-12-01,,Active,39.0,
158,158,4,2026-07-22,,Active,119.0,
159,159,4,2024-01-25,,Active,119.0,
160,160,1,2025-05-23,2026-06-18,Churned,19.0,Bajo uso
161,161,2,2025-06-24,,Active,39.0,
162,162,1,2025-05-13,,Active,19.0,
163,163,1,2025-01-30,,Active,19.0,
164,164,1,2025-05-08,,Active,19.0,
165,165,2,2024-06-04,,Active,39.0,
166,166,2,2025-02-07,,Active,39.0,
167,167,2,2024-08-25,,Active,39.0,
168,168,3,2025-06-05,,Active,69.0,
169,169,2,2025-04-25,,Active,39.0,
170,170,2,2024-08-06,,Active,39.0,
171,171,2,2024-09-13,,Active,39.0,
172,172,4,2025-02-24,,Active,119.0,
173,173,2,2024-06-03,,Active,39.0,
174,174,3,2024-08-10,2025-09-28,Churned,69.0,Competencia
175,175,4,2025-05-23,,Active,119.0,
176,176,2,2025-12-30,,Active,39.0,
177,177,2,2025-12-20,,Active,39.0,
178,178,1,2023-11-16,,Active,19.0,
179,179,1,2025-02-13,,Active,19.0,
180,180,2,2024-08-09,,Active,39.0,
181,181,2,2023-11-19,,Active,39.0,
182,182,2,2024-01-20,,Active,39.0,
183,183,1,2024-05-08,,Active,19.0,
184,184,2,2026-04-05,,Active,39.0,
185,185,3,2024-02-28,,Active,69.0,
186,186,3,2026-02-08,,Active,69.0,
187,187,2,2024-01-10,,Active,39.0,
188,188,2,2026-08-14,2026-09-24,Churned,39.0,Precio
189,189,1,2024-01-23,2025-12-06,Churned,19.0,Funcionalidades
190,190,1,2024-04-29,,Active,19.0,
191,191,1,2024-01-04,2025-08-23,Churned,19.0,Soporte
192,192,2,2024-12-18,,Active,39.0,
193,193,2,2026-05-01,,Active,39.0,
194,194,1,2023-12-20,,Active,19.0,
195,195,2,2025-09-21,,Active,39.0,
196,196,1,2025-03-09,,Active,19.0,
197,197,2,2026-09-10,2026-09-25,Churned,39.0,Funcionalidades
198,198,1,2025-08-06,,Active,19.0,
199,199,1,2024-11-20,,Active,19.0,
200,200,2,2025-12-19,,Active,39.0,
201,201,3,2026-04-18,,Active,69.0,
202,202,1,2025-08-13,,Active,19.0,
203,203,2,2024-09-24,,Active,39.0,
204,204,2,2024-01-05,,Active,39.0,
205,205,1,2024-10-08,,Active,19.0,
206,206,4,2025-12-31,,Active,119.0,
207,207,1,2024-07-19,,Active,19.0,
208,208,4,2024-08-21,,Active,119.0,
209,209,3,2026-04-05,,Active,69.0,
210,210,1,2026-04-02,,Active,19.0,
211,211,4,2025-09-24,,Active,119.0,
212,212,1,2025-07-19,,Active,19.0,
213,213,2,2026-09-02,,Active,39.0,
214,214,1,2024-02-01,,Active,19.0,
215,215,1,2026-04-30,,Active,19.0,
216,216,1,2025-10-09,,Active,19.0,
217,217,2,2024-03-01,,Active,39.0,
218,218,1,2025-06-13,,Active,19.0,
219,219,4,2024-04-17,,Active,119.0,
220,220,2,2024-05-17,,Active,39.0,
221,221,2,2026-08-12,,Active,39.0,
222,222,1,2024-09-11,,Active,19.0,
223,223,3,2024-07-28,,Active,69.0,
224,224,1,2025-07-30,,Active,19.0,
225,225,1,2025-09-02,,Active,19.0,
226,226,1,2026-06-30,2026-07-17,Churned,19.0,Bajo uso
227,227,2,2024-01-16,,Active,39.0,
228,228,2,2026-06-08,2026-09-02,Churned,39.0,Bajo uso
229,229,3,2024-03-14,,Active,69.0,
230,230,2,2025-02-19,,Active,39.0,
231,231,3,2025-03-22,2026-05-23,Churned,69.0,Competencia
232,232,3,2024-05-15,,Active,69.0,
233,233,1,2025-09-27,,Active,19.0,
234,234,2,2025-05-31,2026-01-24,Churned,39.0,Soporte
235,235,2,2026-07-11,,Active,39.0,
236,236,2,2024-01-12,,Active,39.0,
237,237,2,2026-06-02,,Active,39.0,
238,238,2,2024-04-18,,Active,39.0,
239,239,2,2025-04-22,,Active,39.0,
240,240,1,2026-02-04,,Active,19.0,
241,241,3,2025-06-05,,Active,69.0,
242,242,1,2026-03-20,,Active,19.0,
243,243,1,2025-05-07,,Active,19.0,
244,244,3,2024-09-07,,Active,69.0,
245,245,1,2026-06-07,,Active,19.0,
246,246,2,2026-05-26,,Active,39.0,
247,247,2,2026-08-01,2026-08-28,Churned,39.0,Competencia
248,248,3,2024-08-08,,Active,69.0,
249,249,1,2023-12-23,,Active,19.0,
250,250,1,2023-12-13,,Active,19.0,
251,251,1,2025-11-07,,Active,19.0,
252,252,1,2025-10-02,,Active,19.0,
253,253,2,2025-07-26,,Active,39.0,
254,254,1,2026-07-03,,Active,19.0,
255,255,3,2024-07-12,,Active,69.0,
256,256,3,2026-05-31,,Active,69.0,
257,257,1,2025-10-08,2025-12-24,Churned,19.0,Funcionalidades
258,258,4,2025-01-17,,Active,119.0,
259,259,1,2024-10-18,,Active,19.0,
260,260,1,2024-10-25,,Active,19.0,
261,261,3,2024-11-16,2025-11-22,Churned,69.0,Soporte
262,262,3,2024-12-25,,Active,69.0,
263,263,3,2023-11-17,,Active,69.0,
264,264,1,2024-03-12,,Active,19.0,
265,265,1,2025-12-10,,Active,19.0,
266,266,3,2025-04-22,,Active,69.0,
267,267,2,2024-05-23,,Active,39.0,
268,268,1,2024-10-18,,Active,19.0,
269,269,1,2024-09-07,2025-10-10,Churned,19.0,Bajo uso
270,270,1,2025-11-27,,Active,19.0,
271,271,2,2025-10-14,,Active,39.0,
272,272,4,2025-06-20,,Active,119.0,
273,273,2,2024-05-10,,Active,39.0,
274,274,1,2025-07-26,,Active,19.0,
275,275,2,2024-01-17,,Active,39.0,
276,276,1,2025-04-08,,Active,19.0,
277,277,2,2025-07-14,,Active,39.0,
278,278,1,2025-12-13,,Active,19.0,
279,279,3,2026-02-22,,Active,69.0,
280,280,3,2026-05-11,,Active,69.0,
281,281,1,2024-02-10,2024-05-16,Churned,19.0,Competencia
282,282,3,2024-08-09,,Active,69.0,
283,283,2,2023-10-25,,Active,39.0,
284,284,2,2025-08-21,,Active,39.0,
285,285,1,2023-11-29,,Active,19.0,
286,286,2,2025-07-12,2025-11-05,Churned,39.0,Competencia
287,287,2,2025-04-29,,Active,39.0,
288,288,3,2024-09-08,,Active,69.0,
289,289,1,2024-06-17,,Active,19.0,
290,290,2,2025-02-23,2026-01-20,Churned,39.0,Soporte
291,291,1,2025-06-03,,Active,19.0,
292,292,2,2023-10-23,,Active,39.0,
293,293,3,2025-01-31,2026-03-30,Churned,69.0,Funcionalidades
294,294,3,2026-04-26,,Active,69.0,
295,295,3,2024-07-28,,Active,69.0,
296,296,1,2026-04-04,,Active,19.0,
297,297,3,2024-07-24,,Active,69.0,
298,298,3,2026-01-08,,Active,69.0,
299,299,2,2024-05-24,,Active,39.0,
300,300,4,2026-02-18,2026-09-04,Churned,119.0,Bajo uso
301,301,3,2025-12-23,,Active,69.0,
302,302,2,2024-08-15,,Active,39.0,
303,303,3,2026-03-29,,Active,69.0,
304,304,4,2026-07-21,,Active,119.0,
305,305,3,2026-03-16,,Active,69.0,
306,306,1,2024-07-17,,Active,19.0,
307,307,1,2026-02-26,,Active,19.0,
308,308,1,2024-11-15,,Active,19.0,
309,309,3,2025-06-25,,Active,69.0,
310,310,2,2025-09-17,,Active,39.0,
311,311,2,2026-02-19,,Active,39.0,
312,312,2,2026-08-27,,Active,39.0,
313,313,4,2024-11-08,,Active,119.0,
314,314,2,2026-05-05,,Active,39.0,
315,315,1,2024-08-19,2025-08-08,Churned,19.0,Competencia
316,316,1,2024-03-20,2024-05-31,Churned,19.0,Soporte
317,317,1,2025-05-14,,Active,19.0,
318,318,1,2026-04-04,,Active,19.0,
319,319,2,2026-02-01,,Active,39.0,
320,320,3,2026-06-10,,Active,69.0,
321,321,1,2023-11-12,,Active,19.0,
322,322,1,2025-07-23,,Active,19.0,
323,323,2,2024-03-10,,Active,39.0,
324,324,2,2025-07-19,,Active,39.0,
325,325,1,2025-09-23,,Active,19.0,
326,326,1,2024-05-30,,Active,19.0,
327,327,3,2025-11-29,,Active,69.0,
328,328,2,2024-06-25,,Active,39.0,
329,329,1,2025-11-30,,Active,19.0,
330,330,2,2026-07-13,2026-08-17,Churned,39.0,Precio
331,331,1,2024-11-03,,Active,19.0,
332,332,2,2025-09-15,,Active,39.0,
333,333,2,2023-12-17,2025-09-10,Churned,39.0,Funcionalidades
334,334,1,2025-07-01,,Active,19.0,
335,335,3,2025-08-07,2025-09-13,Churned,69.0,Competencia
336,336,1,2024-07-27,,Active,19.0,
337,337,2,2026-09-10,,Active,39.0,
338,338,2,2024-01-19,2025-05-02,Churned,39.0,Funcionalidades
339,339,3,2026-08-23,,Active,69.0,
340,340,3,2026-02-08,2026-09-16,Churned,69.0,Soporte
341,341,1,2023-12-19,2026-07-21,Churned,19.0,Precio
342,342,1,2025-07-04,,Active,19.0,
343,343,2,2024-08-16,,Active,39.0,
344,344,2,2025-12-26,2026-06-23,Churned,39.0,Precio
345,345,1,2024-05-24,,Active,19.0,
346,346,2,2026-02-09,,Active,39.0,
347,347,2,2024-10-09,,Active,39.0,
348,348,1,2025-10-17,2026-03-06,Churned,19.0,Bajo uso
349,349,3,2026-07-07,,Active,69.0,
350,350,3,2025-07-10,,Active,69.0,
351,351,1,2025-08-16,,Active,19.0,
352,352,1,2024-05-20,,Active,19.0,
353,353,1,2025-11-19,,Active,19.0,
354,354,1,2026-04-07,2026-09-28,Churned,19.0,Funcionalidades
355,355,2,2024-07-24,,Active,39.0,
356,356,3,2025-04-29,,Active,69.0,
357,357,1,2024-02-01,,Active,19.0,
358,358,1,2025-01-15,,Active,19.0,
359,359,2,2026-06-27,2026-09-18,Churned,39.0,Funcionalidades
360,360,3,2026-08-05,,Active,69.0,
361,361,1,2026-04-13,,Active,19.0,
362,362,3,2023-12-28,,Active,69.0,
363,363,2,2026-03-13,,Active,39.0,
364,364,2,2023-11-29,,Active,39.0,
365,365,2,2026-01-04,,Active,39.0,
366,366,2,2026-01-01,,Active,39.0,
367,367,1,2024-05-31,,Active,19.0,
368,368,1,2025-12-30,,Active,19.0,
369,369,3,2025-02-12,2025-10-15,Churned,69.0,Precio
370,370,1,2024-04-29,2025-08-09,Churned,19.0,Soporte
371,371,2,2025-08-22,,Active,39.0,
372,372,3,2026-06-07,2026-09-25,Churned,69.0,Bajo uso
373,373,2,2026-01-06,,Active,39.0,
374,374,1,2024-01-24,,Active,19.0,
375,375,1,2026-05-09,,Active,19.0,
376,376,3,2025-11-24,,Active,69.0,
377,377,3,2026-04-17,,Active,69.0,
378,378,3,2024-02-26,,Active,69.0,
379,379,3,2025-04-12,,Active,69.0,
380,380,1,2023-12-10,,Active,19.0,
381,381,1,2024-07-07,,Active,19.0,
382,382,3,2026-06-11,2026-10-03,Churned,69.0,Precio
383,383,1,2025-09-26,,Active,19.0,
384,384,2,2025-12-18,,Active,39.0,
385,385,4,2025-11-24,,Active,119.0,
386,386,2,2025-01-20,2025-03-04,Churned,39.0,Competencia
387,387,4,2025-06-19,,Active,119.0,
388,388,1,2025-08-24,,Active,19.0,
389,389,4,2025-01-21,,Active,119.0,
390,390,2,2024-11-27,,Active,39.0,
391,391,1,2024-12-19,,Active,19.0,
392,392,3,2025-09-11,,Active,69.0,
393,393,2,2024-02-18,,Active,39.0,
394,394,1,2024-10-18,,Active,19.0,
395,395,3,2024-05-07,,Active,69.0,
396,396,3,2026-01-16,,Active,69.0,
397,397,1,2026-06-04,,Active,19.0,
398,398,2,2025-05-16,,Active,39.0,
399,399,1,2025-08-31,,Active,19.0,
400,400,4,2024-03-10,,Active,119.0,
401,401,4,2025-06-12,,Active,119.0,
402,402,2,2023-11-29,,Active,39.0,
403,403,1,2025-11-21,,Active,19.0,
404,404,1,2026-06-28,,Active,19.0,
405,405,1,2023-11-26,2025-01-01,Churned,19.0,Bajo uso
406,406,2,2023-11-08,,Active,39.0,
407,407,1,2025-09-07,,Active,19.0,
408,408,4,2026-04-19,,Active,119.0,
409,409,1,2025-04-02,2026-06-08,Churned,19.0,Bajo uso
410,410,2,2024-07-03,,Active,39.0,
411,411,1,2026-05-19,,Active,19.0,
412,412,1,2026-01-02,,Active,19.0,
413,413,1,2025-05-27,,Active,19.0,
414,414,4,2026-05-18,,Active,119.0,
415,415,3,2024-05-22,,Active,69.0,
416,416,1,2025-03-13,,Active,19.0,
417,417,1,2024-12-22,,Active,19.0,
418,418,3,2025-04-10,,Active,69.0,
419,419,1,2024-09-28,,Active,19.0,
420,420,1,2025-02-09,,Active,19.0,
421,421,1,2023-12-24,,Active,19.0,
422,422,1,2024-04-06,,Active,19.0,
423,423,2,2026-08-27,,Active,39.0,
424,424,1,2025-10-11,,Active,19.0,
425,425,4,2026-06-18,,Active,119.0,
426,426,1,2024-06-19,2026-08-08,Churned,19.0,Funcionalidades
427,427,1,2025-01-26,,Active,19.0,
428,428,2,2026-07-08,,Active,39.0,
429,429,2,2025-06-29,,Active,39.0,
430,430,2,2025-01-28,2026-01-12,Churned,39.0,Funcionalidades
431,431,2,2025-03-28,,Active,39.0,
432,432,2,2024-01-25,2025-06-06,Churned,39.0,Soporte
433,433,2,2024-10-10,,Active,39.0,
434,434,2,2026-04-10,2026-06-17,Churned,39.0,Precio
435,435,4,2024-05-26,,Active,119.0,
436,436,2,2026-02-11,2026-09-19,Churned,39.0,Competencia
437,437,1,2025-08-03,,Active,19.0,
438,438,2,2025-03-20,,Active,39.0,
439,439,3,2025-09-15,,Active,69.0,
440,440,2,2024-04-29,2026-02-05,Churned,39.0,Precio
441,441,2,2025-03-05,,Active,39.0,
442,442,1,2026-05-01,,Active,19.0,
443,443,2,2025-06-25,2025-07-26,Churned,39.0,Competencia
444,444,1,2024-05-17,,Active,19.0,
445,445,3,2025-10-10,,Active,69.0,
446,446,2,2024-07-06,,Active,39.0,
447,447,2,2025-08-21,,Active,39.0,
448,448,2,2024-03-31,2024-11-19,Churned,39.0,Funcionalidades
449,449,4,2024-04-09,2025-01-08,Churned,119.0,Funcionalidades
450,450,1,2024-01-16,,Active,19.0,
451,451,2,2025-04-26,,Active,39.0,
452,452,2,2026-07-25,,Active,39.0,
453,453,2,2025-02-11,2026-09-14,Churned,39.0,Bajo uso
454,454,1,2024-08-15,,Active,19.0,
455,455,1,2025-04-16,,Active,19.0,
456,456,2,2025-06-28,,Active,39.0,
457,457,2,2026-07-28,,Active,39.0,
458,458,4,2024-11-29,,Active,119.0,
459,459,2,2024-02-26,,Active,39.0,
460,460,4,2024-07-27,,Active,119.0,
461,461,2,2024-03-05,,Active,39.0,
462,462,2,2024-08-04,,Active,39.0,
463,463,2,2026-02-05,,Active,39.0,
464,464,4,2023-12-26,,Active,119.0,
465,465,1,2024-09-25,,Active,19.0,
466,466,1,2025-05-07,,Active,19.0,
467,467,3,2023-12-03,,Active,69.0,
468,468,2,2023-12-16,,Active,39.0,
469,469,3,2025-05-13,,Active,69.0,
470,470,2,2025-08-20,,Active,39.0,
471,471,2,2026-01-14,,Active,39.0,
472,472,1,2026-06-12,,Active,19.0,
473,473,2,2026-01-21,,Active,39.0,
474,474,2,2024-07-27,,Active,39.0,
475,475,3,2025-04-21,,Active,69.0,
476,476,3,2025-09-26,,Active,69.0,
477,477,1,2026-05-10,,Active,19.0,
478,478,2,2026-01-24,,Active,39.0,
479,479,2,2025-05-24,2025-08-30,Churned,39.0,Soporte
480,480,2,2025-05-03,,Active,39.0,
481,481,3,2024-12-23,,Active,69.0,
482,482,1,2025-02-05,,Active,19.0,
483,483,3,2026-02-15,,Active,69.0,
484,484,2,2026-05-31,,Active,39.0,
485,485,2,2024-09-10,,Active,39.0,
486,486,2,2024-12-24,,Active,39.0,
487,487,1,2026-08-26,,Active,19.0,
488,488,2,2025-01-07,,Active,39.0,
489,489,3,2025-02-22,,Active,69.0,
490,490,2,2024-03-23,,Active,39.0,
491,491,3,2026-01-04,,Active,69.0,
492,492,1,2025-12-06,2026-06-10,Churned,19.0,Soporte
493,493,1,2024-01-18,2024-10-04,Churned,19.0,Funcionalidades
494,494,3,2026-05-24,,Active,69.0,
495,495,1,2025-10-28,,Active,19.0,
496,496,1,2024-01-18,,Active,19.0,
497,497,1,2024-12-19,2025-12-04,Churned,19.0,Funcionalidades
498,498,2,2024-03-27,,Active,39.0,
499,499,3,2025-01-25,,Active,69.0,
500,500,2,2023-10-27,,Active,39.0,
501,501,1,2025-01-30,,Active,19.0,
502,502,1,2024-04-01,,Active,19.0,
503,503,3,2023-12-11,2025-03-30,Churned,69.0,Bajo uso
504,504,4,2024-10-14,2026-05-02,Churned,119.0,Bajo uso
505,505,2,2024-04-15,,Active,39.0,
506,506,1,2024-06-08,2026-01-02,Churned,19.0,Competencia
507,507,2,2024-04-25,,Active,39.0,
508,508,2,2024-06-28,,Active,39.0,
509,509,1,2025-07-26,,Active,19.0,
510,510,3,2024-07-13,,Active,69.0,
511,511,4,2026-09-09,,Active,119.0,
512,512,3,2024-04-16,2026-05-05,Churned,69.0,Bajo uso
513,513,2,2025-10-14,,Active,39.0,
514,514,2,2025-06-10,,Active,39.0,
515,515,1,2024-05-24,,Active,19.0,
516,516,3,2024-11-21,,Active,69.0,
517,517,1,2025-11-13,,Active,19.0,
518,518,1,2024-02-19,,Active,19.0,
519,519,1,2024-08-10,,Active,19.0,
520,520,1,2025-03-15,2026-01-01,Churned,19.0,Soporte
521,521,1,2026-06-13,2026-08-31,Churned,19.0,Soporte
522,522,2,2024-05-07,,Active,39.0,
523,523,3,2026-06-04,,Active,69.0,
524,524,2,2025-03-18,,Active,39.0,
525,525,1,2025-09-08,,Active,19.0,
526,526,4,2024-03-01,,Active,119.0,
527,527,2,2024-10-30,,Active,39.0,
528,528,3,2024-03-29,,Active,69.0,
529,529,1,2024-11-17,,Active,19.0,
530,530,2,2026-01-15,2026-09-22,Churned,39.0,Funcionalidades
531,531,3,2024-10-09,,Active,69.0,
532,532,3,2025-04-11,,Active,69.0,
533,533,3,2024-02-28,2026-05-09,Churned,69.0,Bajo uso
534,534,2,2024-05-28,,Active,39.0,
535,535,2,2025-01-26,,Active,39.0,
536,536,3,2026-01-30,2026-04-10,Churned,69.0,Competencia
537,537,1,2026-03-18,,Active,19.0,
538,538,2,2026-04-19,,Active,39.0,
539,539,3,2026-08-11,,Active,69.0,
540,540,4,2024-05-19,,Active,119.0,
541,541,2,2024-04-13,,Active,39.0,
542,542,1,2025-03-11,,Active,19.0,
543,543,1,2025-07-20,,Active,19.0,
544,544,1,2024-01-20,,Active,19.0,
545,545,2,2025-01-18,,Active,39.0,
546,546,3,2025-09-26,,Active,69.0,
547,547,3,2024-02-23,,Active,69.0,
548,548,3,2023-11-10,2026-03-02,Churned,69.0,Bajo uso
549,549,1,2026-02-28,,Active,19.0,
550,550,1,2026-07-11,2026-09-28,Churned,19.0,Precio
551,551,1,2025-03-11,,Active,19.0,
552,552,4,2023-11-11,,Active,119.0,
553,553,4,2026-04-11,,Active,119.0,
554,554,3,2026-04-24,,Active,69.0,
555,555,1,2024-09-23,2025-09-02,Churned,19.0,Precio
556,556,3,2025-04-16,,Active,69.0,
557,557,1,2026-08-04,,Active,19.0,
558,558,1,2024-06-14,,Active,19.0,
559,559,1,2024-04-13,,Active,19.0,
560,560,1,2025-10-04,,Active,19.0,
561,561,1,2025-11-04,,Active,19.0,
562,562,4,2024-03-17,,Active,119.0,
563,563,1,2026-08-06,,Active,19.0,
564,564,1,2025-08-04,,Active,19.0,
565,565,3,2023-11-22,,Active,69.0,
566,566,3,2025-07-06,,Active,69.0,
567,567,4,2023-12-16,,Active,119.0,
568,568,3,2025-04-24,,Active,69.0,
569,569,3,2025-01-20,,Active,69.0,
570,570,2,2024-01-01,,Active,39.0,
571,571,1,2024-12-02,,Active,19.0,
572,572,1,2023-12-01,,Active,19.0,
573,573,1,2025-06-16,,Active,19.0,
574,574,1,2026-08-04,2026-09-27,Churned,19.0,Competencia
575,575,1,2026-01-09,,Active,19.0,
576,576,2,2024-11-01,,Active,39.0,
577,577,1,2024-07-16,,Active,19.0,
578,578,1,2023-10-21,,Active,19.0,
579,579,1,2024-09-12,,Active,19.0,
580,580,3,2025-11-27,,Active,69.0,
581,581,4,2025-02-27,,Active,119.0,
582,582,1,2025-08-16,,Active,19.0,
583,583,3,2024-10-24,,Active,69.0,
584,584,1,2026-01-13,2026-07-12,Churned,19.0,Bajo uso
585,585,3,2024-03-09,,Active,69.0,
586,586,2,2023-11-08,,Active,39.0,
587,587,2,2025-04-22,2025-10-12,Churned,39.0,Funcionalidades
588,588,4,2025-01-06,,Active,119.0,
589,589,1,2024-07-19,,Active,19.0,
590,590,2,2024-04-23,,Active,39.0,
591,591,2,2024-08-09,,Active,39.0,
592,592,1,2024-06-04,,Active,19.0,
593,593,1,2026-06-17,,Active,19.0,
594,594,1,2025-10-11,,Active,19.0,
595,595,1,2025-04-02,,Active,19.0,
596,596,2,2024-09-09,,Active,39.0,
597,597,3,2024-09-08,,Active,69.0,
598,598,2,2024-02-18,,Active,39.0,
599,599,2,2024-12-03,,Active,39.0,
600,600,2,2024-07-20,,Active,39.0,
601,601,2,2026-02-25,,Active,39.0,
602,602,2,2025-05-29,,Active,39.0,
603,603,3,2026-02-04,,Active,69.0,
604,604,1,2025-03-04,,Active,19.0,
605,605,2,2025-11-23,,Active,39.0,
606,606,2,2024-03-04,,Active,39.0,
607,607,3,2025-05-27,,Active,69.0,
608,608,2,2024-07-31,,Active,39.0,
609,609,2,2026-06-11,2026-06-28,Churned,39.0,Bajo uso
610,610,2,2025-11-05,,Active,39.0,
611,611,2,2025-05-25,,Active,39.0,
612,612,2,2025-11-19,,Active,39.0,
613,613,3,2025-08-20,,Active,69.0,
614,614,3,2025-05-08,,Active,69.0,
615,615,2,2024-08-17,2024-12-03,Churned,39.0,Bajo uso
616,616,1,2024-09-22,,Active,19.0,
617,617,2,2024-04-18,,Active,39.0,
618,618,1,2024-04-05,,Active,19.0,
619,619,1,2025-12-08,2026-07-08,Churned,19.0,Competencia
620,620,1,2026-07-24,,Active,19.0,
621,621,1,2025-07-27,,Active,19.0,
622,622,2,2024-05-10,,Active,39.0,
623,623,3,2025-03-20,,Active,69.0,
624,624,2,2025-02-04,,Active,39.0,
625,625,4,2025-06-03,2025-10-10,Churned,119.0,Bajo uso
626,626,3,2024-07-08,,Active,69.0,
627,627,3,2026-05-30,,Active,69.0,
628,628,3,2025-09-04,,Active,69.0,
629,629,1,2025-06-11,,Active,19.0,
630,630,2,2025-01-08,,Active,39.0,
631,631,2,2025-03-21,,Active,39.0,
632,632,2,2025-08-16,,Active,39.0,
633,633,2,2023-10-23,,Active,39.0,
634,634,2,2025-08-04,,Active,39.0,
635,635,2,2025-02-11,2025-07-13,Churned,39.0,Soporte
636,636,1,2024-09-06,,Active,19.0,
637,637,2,2025-04-10,,Active,39.0,
638,638,1,2025-11-12,,Active,19.0,
639,639,2,2026-03-05,,Active,39.0,
640,640,2,2024-05-23,,Active,39.0,
641,641,2,2024-09-18,,Active,39.0,
642,642,4,2025-02-20,,Active,119.0,
643,643,3,2026-08-21,,Active,69.0,
644,644,1,2026-02-17,,Active,19.0,
645,645,1,2025-10-13,,Active,19.0,
646,646,2,2025-06-12,,Active,39.0,
647,647,1,2026-03-19,,Active,19.0,
648,648,1,2024-01-01,,Active,19.0,
649,649,1,2023-11-12,,Active,19.0,
650,650,4,2024-06-23,,Active,119.0,
651,651,2,2024-09-22,,Active,39.0,
652,652,3,2024-11-18,2025-12-26,Churned,69.0,Precio
653,653,4,2026-06-29,,Active,119.0,
654,654,1,2024-12-02,,Active,19.0,
655,655,1,2024-06-08,,Active,19.0,
656,656,1,2025-06-24,2025-09-16,Churned,19.0,Funcionalidades
657,657,2,2025-02-27,,Active,39.0,
658,658,2,2025-07-24,,Active,39.0,
659,659,1,2024-05-08,,Active,19.0,
660,660,2,2025-10-11,,Active,39.0,
661,661,1,2024-05-20,,Active,19.0,
662,662,2,2024-10-15,,Active,39.0,
663,663,3,2026-02-16,,Active,69.0,
664,664,3,2025-11-01,,Active,69.0,
665,665,1,2026-06-30,,Active,19.0,
666,666,4,2024-05-23,,Active,119.0,
667,667,1,2024-01-16,2024-12-14,Churned,19.0,Bajo uso
668,668,4,2024-06-07,,Active,119.0,
669,669,1,2025-03-26,,Active,19.0,
670,670,2,2024-06-15,,Active,39.0,
671,671,2,2026-08-26,,Active,39.0,
672,672,3,2025-04-25,,Active,69.0,
673,673,2,2025-10-20,,Active,39.0,
674,674,1,2026-01-17,,Active,19.0,
675,675,4,2026-02-14,,Active,119.0,
676,676,3,2026-07-01,2026-08-02,Churned,69.0,Soporte
677,677,1,2024-04-14,,Active,19.0,
678,678,1,2023-12-30,,Active,19.0,
679,679,1,2025-12-18,,Active,19.0,
680,680,1,2026-08-16,,Active,19.0,
681,681,3,2025-11-30,,Active,69.0,
682,682,2,2025-12-10,,Active,39.0,
683,683,1,2026-01-23,2026-07-04,Churned,19.0,Soporte
684,684,2,2024-11-06,2025-06-21,Churned,39.0,Soporte
685,685,1,2024-05-23,,Active,19.0,
686,686,2,2026-08-18,,Active,39.0,
687,687,1,2026-06-11,,Active,19.0,
688,688,2,2024-01-02,,Active,39.0,
689,689,2,2024-04-16,,Active,39.0,
690,690,1,2023-10-24,,Active,19.0,
691,691,1,2025-11-14,,Active,19.0,
692,692,1,2025-02-26,,Active,19.0,
693,693,1,2025-06-24,,Active,19.0,
694,694,1,2026-07-12,,Active,19.0,
695,695,1,2025-04-22,2026-04-07,Churned,19.0,Bajo uso
696,696,4,2024-11-20,,Active,119.0,
697,697,3,2024-03-29,,Active,69.0,
698,698,2,2025-11-17,,Active,39.0,
699,699,4,2025-01-01,,Active,119.0,
700,700,2,2023-11-28,,Active,39.0,
701,701,2,2026-05-25,2026-07-25,Churned,39.0,Precio
702,702,2,2025-08-24,,Active,39.0,
703,703,2,2025-06-25,2026-08-13,Churned,39.0,Precio
704,704,1,2023-12-11,,Active,19.0,
705,705,2,2026-07-19,,Active,39.0,
706,706,3,2024-12-01,,Active,69.0,
707,707,1,2025-12-17,,Active,19.0,
708,708,1,2026-06-14,,Active,19.0,
709,709,3,2024-02-20,,Active,69.0,
710,710,2,2023-11-26,2025-09-18,Churned,39.0,Competencia
711,711,2,2024-09-24,,Active,39.0,
712,712,3,2024-01-18,,Active,69.0,
713,713,1,2024-05-23,,Active,19.0,
714,714,2,2025-09-16,,Active,39.0,
715,715,1,2026-06-09,,Active,19.0,
716,716,2,2025-05-24,,Active,39.0,
717,717,2,2025-12-12,,Active,39.0,
718,718,2,2024-07-22,,Active,39.0,
719,719,1,2026-07-29,,Active,19.0,
720,720,1,2024-01-13,,Active,19.0,
721,721,2,2025-02-20,2025-04-12,Churned,39.0,Competencia
722,722,2,2026-03-25,,Active,39.0,
723,723,2,2024-08-05,,Active,39.0,
724,724,3,2025-09-14,,Active,69.0,
725,725,1,2025-11-19,,Active,19.0,
726,726,2,2026-07-10,,Active,39.0,
727,727,3,2024-03-01,,Active,69.0,
728,728,1,2026-09-01,,Active,19.0,
729,729,1,2026-03-18,,Active,19.0,
730,730,2,2025-09-09,2026-05-06,Churned,39.0,Competencia
731,731,1,2024-01-29,,Active,19.0,
732,732,2,2024-03-20,,Active,39.0,
733,733,2,2025-11-22,,Active,39.0,
734,734,2,2024-11-09,,Active,39.0,
735,735,3,2024-09-22,,Active,69.0,
736,736,2,2025-09-29,,Active,39.0,
737,737,2,2026-03-27,,Active,39.0,
738,738,3,2025-03-04,,Active,69.0,
739,739,3,2026-05-14,,Active,69.0,
740,740,2,2025-05-19,,Active,39.0,
741,741,2,2025-04-14,,Active,39.0,
742,742,2,2026-08-20,2026-09-30,Churned,39.0,Precio
743,743,1,2025-03-22,,Active,19.0,
744,744,2,2025-01-16,,Active,39.0,
745,745,1,2026-02-03,,Active,19.0,
746,746,3,2024-01-20,,Active,69.0,
747,747,1,2025-11-16,,Active,19.0,
748,748,4,2025-02-04,2026-05-18,Churned,119.0,Precio
749,749,3,2024-02-23,,Active,69.0,
750,750,2,2026-08-02,,Active,39.0,
751,751,4,2025-05-04,,Active,119.0,
752,752,4,2026-05-06,,Active,119.0,
753,753,2,2024-08-10,,Active,39.0,
754,754,2,2024-04-05,,Active,39.0,
755,755,1,2024-11-29,,Active,19.0,
756,756,1,2024-08-29,,Active,19.0,
757,757,1,2025-02-10,,Active,19.0,
758,758,1,2025-10-28,,Active,19.0,
759,759,1,2025-10-02,,Active,19.0,
760,760,3,2025-09-06,2026-01-13,Churned,69.0,Bajo uso
761,761,1,2026-09-08,,Active,19.0,
762,762,1,2025-06-04,,Active,19.0,
763,763,2,2025-02-08,,Active,39.0,
764,764,3,2026-02-16,,Active,69.0,
765,765,2,2023-12-26,,Active,39.0,
766,766,2,2025-05-15,,Active,39.0,
767,767,2,2026-02-18,,Active,39.0,
768,768,2,2023-12-31,,Active,39.0,
769,769,4,2024-10-28,,Active,119.0,
770,770,4,2024-11-28,,Active,119.0,
771,771,1,2025-01-06,,Active,19.0,
772,772,3,2025-02-27,,Active,69.0,
773,773,1,2026-01-13,,Active,19.0,
774,774,1,2026-02-18,2026-07-02,Churned,19.0,Funcionalidades
775,775,3,2025-09-21,,Active,69.0,
776,776,2,2026-08-22,2026-09-17,Churned,39.0,Funcionalidades
777,777,1,2024-04-30,,Active,19.0,
778,778,3,2026-03-02,,Active,69.0,
779,779,2,2024-04-01,,Active,39.0,
780,780,2,2025-12-11,,Active,39.0,
781,781,1,2024-03-23,2025-12-10,Churned,19.0,Funcionalidades
782,782,1,2025-06-23,,Active,19.0,
783,783,2,2025-04-12,,Active,39.0,
784,784,2,2024-03-06,,Active,39.0,
785,785,3,2024-04-07,,Active,69.0,
786,786,2,2026-07-30,,Active,39.0,
787,787,1,2026-08-20,,Active,19.0,
788,788,2,2025-07-16,,Active,39.0,
789,789,2,2025-08-14,,Active,39.0,
790,790,1,2026-04-15,,Active,19.0,
791,791,3,2025-10-06,,Active,69.0,
792,792,3,2024-02-10,,Active,69.0,
793,793,1,2024-07-07,,Active,19.0,
794,794,3,2026-04-19,,Active,69.0,
795,795,2,2023-12-25,,Active,39.0,
796,796,1,2024-10-11,,Active,19.0,
797,797,2,2025-03-12,,Active,39.0,
798,798,3,2025-08-21,,Active,69.0,
799,799,1,2024-01-16,,Active,19.0,
800,800,2,2026-06-29,,Active,39.0,
801,801,4,2025-03-07,,Active,119.0,
802,802,1,2025-05-25,,Active,19.0,
803,803,2,2025-02-01,,Active,39.0,
804,804,1,2024-11-17,,Active,19.0,
805,805,2,2026-02-19,,Active,39.0,
806,806,2,2023-11-11,,Active,39.0,
807,807,3,2024-03-11,,Active,69.0,
808,808,2,2025-10-08,,Active,39.0,
809,809,1,2026-06-11,,Active,19.0,
810,810,3,2024-12-28,,Active,69.0,
811,811,2,2026-04-22,,Active,39.0,
812,812,2,2025-05-14,,Active,39.0,
813,813,1,2025-10-06,,Active,19.0,
814,814,3,2026-05-14,,Active,69.0,
815,815,3,2025-03-12,,Active,69.0,
816,816,2,2024-01-18,,Active,39.0,
817,817,2,2026-04-15,,Active,39.0,
818,818,2,2026-08-29,,Active,39.0,
819,819,3,2024-05-04,,Active,69.0,
820,820,3,2026-05-30,,Active,69.0,
821,821,1,2024-05-03,,Active,19.0,
822,822,1,2023-12-29,,Active,19.0,
823,823,2,2025-04-13,,Active,39.0,
824,824,2,2025-04-23,,Active,39.0,
825,825,2,2024-07-20,,Active,39.0,
826,826,2,2025-09-23,,Active,39.0,
827,827,3,2024-05-02,,Active,69.0,
828,828,1,2024-05-28,,Active,19.0,
829,829,1,2024-09-01,,Active,19.0,
830,830,2,2026-03-08,,Active,39.0,
831,831,4,2024-11-19,2026-06-22,Churned,119.0,Bajo uso
832,832,1,2025-09-04,,Active,19.0,
833,833,2,2024-07-06,,Active,39.0,
834,834,2,2026-08-04,,Active,39.0,
835,835,2,2023-11-08,,Active,39.0,
836,836,3,2024-01-24,,Active,69.0,
837,837,1,2024-09-01,,Active,19.0,
838,838,2,2023-10-28,,Active,39.0,
839,839,2,2026-04-18,2026-09-09,Churned,39.0,Funcionalidades
840,840,3,2024-10-16,,Active,69.0,
841,841,3,2025-05-08,,Active,69.0,
842,842,1,2025-07-01,2026-02-08,Churned,19.0,Soporte
843,843,2,2025-04-13,,Active,39.0,
844,844,1,2024-09-23,,Active,19.0,
845,845,2,2025-11-07,,Active,39.0,
846,846,4,2026-08-14,,Active,119.0,
847,847,1,2024-03-15,2025-06-14,Churned,19.0,Soporte
848,848,2,2026-01-03,,Active,39.0,
849,849,1,2025-10-17,,Active,19.0,
850,850,1,2024-08-15,,Active,19.0,
851,851,1,2024-11-22,,Active,19.0,
852,852,2,2025-01-15,,Active,39.0,
853,853,2,2025-02-23,,Active,39.0,
854,854,1,2024-08-15,2025-05-14,Churned,19.0,Bajo uso
855,855,3,2025-07-12,,Active,69.0,
856,856,3,2024-07-05,,Active,69.0,
857,857,1,2025-04-09,2025-05-09,Churned,19.0,Soporte
858,858,3,2024-01-03,,Active,69.0,
859,859,3,2025-03-07,,Active,69.0,
860,860,1,2025-07-27,,Active,19.0,
861,861,2,2026-01-02,,Active,39.0,
862,862,3,2026-02-28,,Active,69.0,
863,863,2,2026-08-11,,Active,39.0,
864,864,2,2026-08-29,,Active,39.0,
865,865,3,2026-09-11,2026-10-03,Churned,69.0,Precio
866,866,2,2025-12-23,,Active,39.0,
867,867,3,2024-10-29,,Active,69.0,
868,868,1,2024-05-28,,Active,19.0,
869,869,2,2026-07-30,,Active,39.0,
870,870,3,2025-04-01,,Active,69.0,
871,871,3,2025-08-12,,Active,69.0,
872,872,2,2024-02-12,,Active,39.0,
873,873,1,2024-04-03,2025-04-29,Churned,19.0,Bajo uso
874,874,2,2025-01-31,,Active,39.0,
875,875,2,2024-12-04,,Active,39.0,
876,876,3,2026-03-06,,Active,69.0,
877,877,2,2023-11-25,,Active,39.0,
878,878,1,2024-01-03,,Active,19.0,
879,879,2,2024-04-04,,Active,39.0,
880,880,1,2025-11-15,,Active,19.0,
881,881,1,2025-01-13,,Active,19.0,
882,882,2,2024-12-13,,Active,39.0,
883,883,3,2026-03-15,,Active,69.0,
884,884,1,2026-06-04,2026-09-02,Churned,19.0,Precio
885,885,2,2025-01-31,,Active,39.0,
886,886,2,2026-08-29,,Active,39.0,
887,887,3,2024-03-21,,Active,69.0,
888,888,4,2026-09-09,,Active,119.0,
889,889,2,2025-08-01,,Active,39.0,
890,890,3,2025-03-11,2026-04-20,Churned,69.0,Funcionalidades
891,891,4,2025-06-10,,Active,119.0,
892,892,2,2025-02-13,,Active,39.0,
893,893,1,2025-09-15,,Active,19.0,
894,894,2,2025-02-14,,Active,39.0,
895,895,3,2025-05-01,,Active,69.0,
896,896,2,2025-07-04,,Active,39.0,
897,897,1,2025-01-06,,Active,19.0,
898,898,2,2026-02-26,,Active,39.0,
899,899,4,2026-01-09,,Active,119.0,
900,900,2,2026-03-19,,Active,39.0,
901,901,1,2024-10-09,2025-11-01,Churned,19.0,Soporte
902,902,3,2024-11-20,,Active,69.0,
903,903,2,2026-04-26,,Active,39.0,
904,904,3,2025-10-30,,Active,69.0,
905,905,1,2025-03-30,,Active,19.0,
906,906,1,2024-01-18,2024-07-13,Churned,19.0,Competencia
907,907,4,2026-01-09,,Active,119.0,
908,908,1,2025-07-11,2026-04-27,Churned,19.0,Bajo uso
909,909,2,2024-06-21,,Active,39.0,
910,910,1,2024-07-13,,Active,19.0,
911,911,2,2025-08-18,,Active,39.0,
912,912,1,2024-11-27,,Active,19.0,
913,913,1,2025-11-25,,Active,19.0,
914,914,1,2025-12-29,,Active,19.0,
915,915,1,2026-08-22,2026-09-21,Churned,19.0,Bajo uso
916,916,2,2025-01-11,,Active,39.0,
917,917,2,2025-10-14,,Active,39.0,
918,918,1,2023-12-08,,Active,19.0,
919,919,1,2025-01-03,2025-11-04,Churned,19.0,Precio
920,920,4,2026-02-07,,Active,119.0,
921,921,1,2025-11-08,,Active,19.0,
922,922,1,2024-03-15,,Active,19.0,
923,923,2,2025-07-18,2025-08-08,Churned,39.0,Competencia
924,924,2,2024-02-01,,Active,39.0,
925,925,2,2025-11-09,,Active,39.0,
926,926,2,2026-03-19,,Active,39.0,
927,927,4,2025-07-17,,Active,119.0,
928,928,3,2023-10-24,,Active,69.0,
929,929,1,2024-11-05,,Active,19.0,
930,930,4,2025-02-05,,Active,119.0,
931,931,3,2024-10-25,,Active,69.0,
932,932,3,2024-07-03,,Active,69.0,
933,933,3,2026-07-09,,Active,69.0,
934,934,3,2024-03-15,,Active,69.0,
935,935,2,2025-04-08,,Active,39.0,
936,936,3,2024-04-06,,Active,69.0,
937,937,3,2024-03-09,,Active,69.0,
938,938,3,2024-04-29,,Active,69.0,
939,939,2,2026-03-13,2026-07-11,Churned,39.0,Competencia
940,940,3,2025-06-25,2026-02-05,Churned,69.0,Funcionalidades
941,941,1,2024-11-22,,Active,19.0,
942,942,4,2026-02-11,,Active,119.0,
943,943,4,2026-04-23,,Active,119.0,
944,944,1,2026-07-04,,Active,19.0,
945,945,1,2025-10-13,2026-05-25,Churned,19.0,Soporte
946,946,3,2026-01-05,,Active,69.0,
947,947,3,2024-06-05,,Active,69.0,
948,948,1,2025-11-23,2026-01-13,Churned,19.0,Bajo uso
949,949,1,2024-11-06,,Active,19.0,
950,950,2,2024-04-25,2025-04-18,Churned,39.0,Soporte
951,951,2,2024-07-03,,Active,39.0,
952,952,3,2024-10-15,,Active,69.0,
953,953,2,2025-08-27,,Active,39.0,
954,954,1,2025-07-10,,Active,19.0,
955,955,3,2024-07-16,,Active,69.0,
956,956,4,2024-02-19,,Active,119.0,
957,957,1,2025-10-15,,Active,19.0,
958,958,2,2025-03-03,,Active,39.0,
959,959,1,2024-02-24,,Active,19.0,
960,960,4,2026-02-14,2026-04-08,Churned,119.0,Precio
961,961,1,2024-11-24,,Active,19.0,
962,962,1,2025-11-13,,Active,19.0,
963,963,2,2025-08-08,,Active,39.0,
964,964,1,2024-05-19,,Active,19.0,
965,965,2,2025-12-15,,Active,39.0,
966,966,3,2024-01-07,,Active,69.0,
967,967,1,2025-08-25,,Active,19.0,
968,968,3,2026-06-20,,Active,69.0,
969,969,2,2025-04-23,,Active,39.0,
970,970,2,2025-06-01,2026-02-03,Churned,39.0,Bajo uso
971,971,1,2025-05-06,,Active,19.0,
972,972,2,2024-09-23,,Active,39.0,
973,973,2,2026-06-20,,Active,39.0,
974,974,1,2025-09-15,,Active,19.0,
975,975,1,2024-03-06,,Active,19.0,
976,976,2,2024-07-13,,Active,39.0,
977,977,2,2024-03-10,,Active,39.0,
978,978,4,2024-09-26,,Active,119.0,
979,979,2,2024-12-22,2026-01-22,Churned,39.0,Funcionalidades
980,980,1,2026-01-29,,Active,19.0,
981,981,1,2025-07-27,,Active,19.0,
982,982,2,2026-04-01,,Active,39.0,
983,983,1,2025-09-04,,Active,19.0,
984,984,2,2025-11-21,,Active,39.0,
985,985,3,2024-12-09,2025-05-15,Churned,69.0,Competencia
986,986,2,2024-03-08,,Active,39.0,
987,987,4,2025-01-25,,Active,119.0,
988,988,3,2023-10-23,,Active,69.0,
989,989,1,2025-08-24,,Active,19.0,
990,990,1,2024-07-08,,Active,19.0,
991,991,1,2024-07-20,,Active,19.0,
992,992,2,2026-04-06,,Active,39.0,
993,993,4,2024-02-19,,Active,119.0,
994,994,1,2025-04-28,,Active,19.0,
995,995,1,2025-11-17,,Active,19.0,
996,996,3,2026-04-28,,Active,69.0,
997,997,1,2026-05-03,,Active,19.0,
998,998,2,2025-08-30,,Active,39.0,
999,999,3,2024-07-13,,Active,69.0,
1000,1000,1,2026-02-27,,Active,19.0,
1001,1001,2,2024-06-06,,Active,39.0,
1002,1002,1,2025-02-19,,Active,19.0,
1003,1003,1,2023-11-16,,Active,19.0,
1004,1004,2,2023-12-14,,Active,39.0,
1005,1005,4,2026-09-11,,Active,119.0,
1006,1006,3,2026-05-12,,Active,69.0,
1007,1007,4,2025-05-27,,Active,119.0,
1008,1008,2,2025-12-31,,Active,39.0,
1009,1009,3,2026-04-22,,Active,69.0,
1010,1010,1,2025-05-04,,Active,19.0,
1011,1011,2,2024-08-31,,Active,39.0,
1012,1012,2,2026-01-06,,Active,39.0,
1013,1013,2,2026-04-02,,Active,39.0,
1014,1014,2,2025-08-30,,Active,39.0,
1015,1015,4,2026-04-15,,Active,119.0,
1016,1016,2,2025-07-05,,Active,39.0,
1017,1017,2,2023-12-24,,Active,39.0,
1018,1018,2,2025-03-31,,Active,39.0,
1019,1019,4,2024-04-25,,Active,119.0,
1020,1020,2,2026-07-22,,Active,39.0,
1021,1021,2,2025-01-08,,Active,39.0,
1022,1022,3,2026-01-08,,Active,69.0,
1023,1023,3,2026-04-08,,Active,69.0,
1024,1024,1,2026-06-03,2026-07-27,Churned,19.0,Precio
1025,1025,1,2026-08-06,,Active,19.0,
1026,1026,2,2026-07-30,,Active,39.0,
1027,1027,2,2024-07-04,,Active,39.0,
1028,1028,2,2025-05-13,,Active,39.0,
1029,1029,2,2025-10-25,,Active,39.0,
1030,1030,1,2025-01-14,,Active,19.0,
1031,1031,1,2023-12-22,,Active,19.0,
1032,1032,1,2024-02-09,,Active,19.0,
1033,1033,1,2024-12-04,,Active,19.0,
1034,1034,3,2026-01-27,,Active,69.0,
1035,1035,3,2025-02-05,,Active,69.0,
1036,1036,2,2023-12-22,,Active,39.0,
1037,1037,1,2026-08-12,,Active,19.0,
1038,1038,1,2024-08-28,,Active,19.0,
1039,1039,2,2026-05-07,,Active,39.0,
1040,1040,3,2025-10-31,,Active,69.0,
1041,1041,2,2024-09-12,,Active,39.0,
1042,1042,2,2024-07-21,,Active,39.0,
1043,1043,3,2024-04-29,,Active,69.0,
1044,1044,2,2025-08-03,,Active,39.0,
1045,1045,1,2026-01-22,,Active,19.0,
1046,1046,1,2025-03-01,,Active,19.0,
1047,1047,2,2026-06-29,2026-08-25,Churned,39.0,Precio
1048,1048,2,2024-03-28,,Active,39.0,
1049,1049,2,2024-11-27,,Active,39.0,
1050,1050,2,2025-10-15,2026-08-21,Churned,39.0,Precio
1051,1051,4,2025-07-14,,Active,119.0,
1052,1052,4,2024-07-01,,Active,119.0,
1053,1053,1,2024-09-04,,Active,19.0,
1054,1054,2,2025-01-24,,Active,39.0,
1055,1055,4,2026-03-15,,Active,119.0,
1056,1056,1,2025-09-28,,Active,19.0,
1057,1057,3,2026-01-19,,Active,69.0,
1058,1058,1,2025-11-28,2026-08-04,Churned,19.0,Bajo uso
1059,1059,3,2025-10-15,,Active,69.0,
1060,1060,2,2026-05-06,,Active,39.0,
1061,1061,4,2025-10-23,2026-01-15,Churned,119.0,Funcionalidades
1062,1062,2,2024-12-22,,Active,39.0,
1063,1063,4,2025-07-31,2026-09-08,Churned,119.0,Competencia
1064,1064,2,2026-02-08,,Active,39.0,
1065,1065,3,2026-07-20,,Active,69.0,
1066,1066,1,2024-03-02,,Active,19.0,
1067,1067,1,2026-04-13,,Active,19.0,
1068,1068,3,2025-08-01,,Active,69.0,
1069,1069,3,2025-04-27,,Active,69.0,
1070,1070,1,2024-12-07,,Active,19.0,
1071,1071,2,2025-06-24,,Active,39.0,
1072,1072,2,2024-06-01,,Active,39.0,
1073,1073,2,2024-06-25,,Active,39.0,
1074,1074,1,2023-12-20,,Active,19.0,
1075,1075,4,2024-12-02,,Active,119.0,
1076,1076,1,2025-08-09,,Active,19.0,
1077,1077,1,2025-12-19,,Active,19.0,
1078,1078,1,2024-02-04,,Active,19.0,
1079,1079,2,2026-01-04,,Active,39.0,
1080,1080,1,2024-05-31,2025-08-03,Churned,19.0,Competencia
1081,1081,2,2025-04-18,,Active,39.0,
1082,1082,2,2024-06-23,,Active,39.0,
1083,1083,2,2026-05-31,,Active,39.0,
1084,1084,2,2024-10-04,,Active,39.0,
1085,1085,2,2024-02-03,,Active,39.0,
1086,1086,1,2023-10-25,,Active,19.0,
1087,1087,2,2024-01-17,,Active,39.0,
1088,1088,3,2026-09-09,,Active,69.0,
1089,1089,4,2024-12-02,,Active,119.0,
1090,1090,2,2026-07-29,,Active,39.0,
1091,1091,1,2023-12-14,,Active,19.0,
1092,1092,2,2023-10-20,,Active,39.0,
1093,1093,1,2024-06-02,,Active,19.0,
1094,1094,2,2025-08-25,,Active,39.0,
1095,1095,1,2025-11-27,,Active,19.0,
1096,1096,2,2024-12-13,,Active,39.0,
1097,1097,3,2023-11-16,2024-08-18,Churned,69.0,Competencia
1098,1098,4,2025-05-14,,Active,119.0,
1099,1099,2,2024-11-10,2025-03-10,Churned,39.0,Competencia
1100,1100,3,2025-09-14,,Active,69.0,
1101,1101,2,2024-11-21,,Active,39.0,
1102,1102,1,2024-07-11,,Active,19.0,
1103,1103,1,2026-04-23,,Active,19.0,
1104,1104,2,2024-02-03,2024-11-16,Churned,39.0,Competencia
1105,1105,1,2026-06-08,,Active,19.0,
1106,1106,3,2024-02-18,,Active,69.0,
1107,1107,1,2024-01-29,,Active,19.0,
1108,1108,2,2026-04-23,,Active,39.0,
1109,1109,2,2026-06-11,,Active,39.0,
1110,1110,1,2026-04-26,,Active,19.0,
1111,1111,1,2024-09-05,,Active,19.0,
1112,1112,2,2024-05-20,,Active,39.0,
1113,1113,2,2026-09-11,,Active,39.0,
1114,1114,1,2024-09-25,,Active,19.0,
1115,1115,1,2025-03-19,,Active,19.0,
1116,1116,2,2025-06-30,,Active,39.0,
1117,1117,1,2024-07-21,,Active,19.0,
1118,1118,1,2024-11-07,2026-04-06,Churned,19.0,Bajo uso
1119,1119,3,2024-08-05,,Active,69.0,
1120,1120,1,2024-01-19,,Active,19.0,
1121,1121,2,2026-08-27,2026-09-23,Churned,39.0,Soporte
1122,1122,1,2025-06-24,,Active,19.0,
1123,1123,1,2024-09-01,,Active,19.0,
1124,1124,1,2025-01-25,,Active,19.0,
1125,1125,2,2024-09-15,,Active,39.0,
1126,1126,1,2025-03-25,,Active,19.0,
1127,1127,3,2025-02-24,,Active,69.0,
1128,1128,4,2026-02-08,,Active,119.0,
1129,1129,1,2024-05-22,,Active,19.0,
1130,1130,2,2026-02-17,,Active,39.0,
1131,1131,1,2025-04-17,,Active,19.0,
1132,1132,2,2025-09-20,,Active,39.0,
1133,1133,2,2025-11-30,2026-05-09,Churned,39.0,Funcionalidades
1134,1134,1,2026-05-04,2026-05-30,Churned,19.0,Bajo uso
1135,1135,2,2025-05-26,2026-03-20,Churned,39.0,Bajo uso
1136,1136,3,2025-06-19,,Active,69.0,
1137,1137,1,2024-09-22,,Active,19.0,
1138,1138,1,2026-08-16,2026-09-28,Churned,19.0,Soporte
1139,1139,2,2026-02-22,,Active,39.0,
1140,1140,1,2025-06-01,,Active,19.0,
1141,1141,1,2025-10-13,2026-02-24,Churned,19.0,Competencia
1142,1142,1,2024-12-13,,Active,19.0,
1143,1143,2,2024-10-22,,Active,39.0,
1144,1144,3,2026-02-13,,Active,69.0,
1145,1145,2,2025-07-06,,Active,39.0,
1146,1146,1,2024-09-08,,Active,19.0,
1147,1147,2,2025-09-20,,Active,39.0,
1148,1148,1,2024-07-27,,Active,19.0,
1149,1149,1,2024-06-27,,Active,19.0,
1150,1150,2,2024-01-04,,Active,39.0,
1151,1151,1,2025-03-25,,Active,19.0,
1152,1152,1,2024-12-07,2026-06-01,Churned,19.0,Competencia
1153,1153,4,2026-01-21,,Active,119.0,
1154,1154,2,2023-12-14,,Active,39.0,
1155,1155,4,2025-10-23,,Active,119.0,
1156,1156,1,2025-01-17,,Active,19.0,
1157,1157,3,2026-08-10,2026-09-26,Churned,69.0,Competencia
1158,1158,1,2025-12-24,2026-09-29,Churned,19.0,Funcionalidades
1159,1159,1,2023-11-14,,Active,19.0,
1160,1160,2,2024-08-10,,Active,39.0,
1161,1161,2,2024-05-07,,Active,39.0,
1162,1162,2,2024-07-15,,Active,39.0,
1163,1163,2,2024-01-09,,Active,39.0,
1164,1164,1,2023-12-11,,Active,19.0,
1165,1165,2,2024-01-18,,Active,39.0,
1166,1166,4,2026-06-25,2026-08-17,Churned,119.0,Precio
1167,1167,1,2025-07-16,2025-10-09,Churned,19.0,Soporte
1168,1168,1,2024-03-16,2025-01-04,Churned,19.0,Bajo uso
1169,1169,2,2026-02-10,,Active,39.0,
1170,1170,1,2026-02-12,,Active,19.0,
1171,1171,2,2024-08-21,,Active,39.0,
1172,1172,2,2025-10-09,,Active,39.0,
1173,1173,2,2026-07-03,,Active,39.0,
1174,1174,2,2023-12-09,,Active,39.0,
1175,1175,3,2025-10-02,,Active,69.0,
1176,1176,1,2025-10-05,,Active,19.0,
1177,1177,2,2024-07-18,,Active,39.0,
1178,1178,1,2024-10-18,,Active,19.0,
1179,1179,2,2025-11-14,,Active,39.0,
1180,1180,2,2025-09-22,,Active,39.0,
1181,1181,2,2024-09-18,,Active,39.0,
1182,1182,3,2026-08-02,2026-08-18,Churned,69.0,Funcionalidades
1183,1183,3,2025-05-06,,Active,69.0,
1184,1184,1,2024-06-10,,Active,19.0,
1185,1185,2,2023-11-08,,Active,39.0,
1186,1186,3,2025-11-13,,Active,69.0,
1187,1187,3,2025-07-14,,Active,69.0,
1188,1188,2,2024-11-22,,Active,39.0,
1189,1189,3,2024-08-24,,Active,69.0,
1190,1190,2,2026-07-20,,Active,39.0,
1191,1191,2,2025-03-07,,Active,39.0,
1192,1192,3,2025-03-19,,Active,69.0,
1193,1193,1,2023-11-12,,Active,19.0,
1194,1194,1,2023-10-30,,Active,19.0,
1195,1195,3,2026-06-20,,Active,69.0,
1196,1196,1,2026-07-16,2026-09-30,Churned,19.0,Competencia
1197,1197,4,2025-03-22,,Active,119.0,
1198,1198,2,2024-03-30,,Active,39.0,
1199,1199,3,2025-01-20,,Active,69.0,
1200,1200,2,2025-10-18,,Active,39.0,
1201,1201,2,2025-09-25,,Active,39.0,
1202,1202,1,2024-01-12,,Active,19.0,
1203,1203,1,2024-02-09,,Active,19.0,
1204,1204,1,2025-02-28,,Active,19.0,
1205,1205,3,2025-01-10,2025-07-24,Churned,69.0,Bajo uso
1206,1206,2,2023-12-30,,Active,39.0,
1207,1207,2,2024-02-29,,Active,39.0,
1208,1208,3,2024-08-04,2025-01-04,Churned,69.0,Soporte
1209,1209,3,2025-06-28,,Active,69.0,
1210,1210,2,2025-12-19,2026-03-08,Churned,39.0,Soporte
1211,1211,3,2026-02-15,,Active,69.0,
1212,1212,1,2026-08-31,,Active,19.0,
1213,1213,1,2024-09-03,,Active,19.0,
1214,1214,4,2024-06-24,,Active,119.0,
1215,1215,2,2025-08-22,,Active,39.0,
1216,1216,2,2025-08-29,,Active,39.0,
1217,1217,3,2025-01-17,,Active,69.0,
1218,1218,1,2025-02-13,,Active,19.0,
1219,1219,2,2026-08-10,,Active,39.0,
1220,1220,2,2024-11-23,,Active,39.0,
1221,1221,2,2025-09-05,2026-04-13,Churned,39.0,Soporte
1222,1222,1,2025-03-03,,Active,19.0,
1223,1223,2,2026-01-23,,Active,39.0,
1224,1224,4,2024-02-02,2024-09-06,Churned,119.0,Competencia
1225,1225,2,2025-03-12,,Active,39.0,
1226,1226,4,2026-08-17,2026-09-21,Churned,119.0,Soporte
1227,1227,2,2024-03-29,,Active,39.0,
1228,1228,1,2025-01-20,,Active,19.0,
1229,1229,2,2025-08-21,,Active,39.0,
1230,1230,2,2024-08-22,,Active,39.0,
1231,1231,1,2025-06-03,,Active,19.0,
1232,1232,1,2024-11-29,,Active,19.0,
1233,1233,2,2025-09-28,,Active,39.0,
1234,1234,1,2025-03-19,,Active,19.0,
1235,1235,3,2024-01-21,,Active,69.0,
1236,1236,2,2025-01-05,,Active,39.0,
1237,1237,1,2024-10-19,,Active,19.0,
1238,1238,2,2024-01-10,,Active,39.0,
1239,1239,1,2024-05-11,,Active,19.0,
1240,1240,1,2025-01-27,,Active,19.0,
1241,1241,1,2023-11-01,,Active,19.0,
1242,1242,1,2025-10-04,2026-09-23,Churned,19.0,Precio
1243,1243,2,2025-04-03,,Active,39.0,
1244,1244,2,2024-08-07,,Active,39.0,
1245,1245,2,2025-12-22,,Active,39.0,
1246,1246,2,2025-04-03,,Active,39.0,
1247,1247,2,2025-04-19,,Active,39.0,
1248,1248,3,2024-05-26,,Active,69.0,
1249,1249,3,2026-02-09,,Active,69.0,
1250,1250,3,2025-09-16,,Active,69.0,
1251,1251,2,2026-05-15,,Active,39.0,
1252,1252,3,2024-08-13,,Active,69.0,
1253,1253,2,2024-02-06,,Active,39.0,
1254,1254,2,2024-11-14,,Active,39.0,
1255,1255,2,2026-04-10,,Active,39.0,
1256,1256,3,2025-09-09,,Active,69.0,
1257,1257,1,2025-01-13,,Active,19.0,
1258,1258,2,2025-07-16,,Active,39.0,
1259,1259,3,2026-03-15,,Active,69.0,
1260,1260,1,2026-08-15,,Active,19.0,
1261,1261,1,2025-10-03,2026-05-09,Churned,19.0,Competencia
1262,1262,1,2024-06-03,2025-04-28,Churned,19.0,Precio
1263,1263,1,2025-03-19,,Active,19.0,
1264,1264,3,2026-03-24,,Active,69.0,
1265,1265,1,2025-04-19,,Active,19.0,
1266,1266,1,2025-02-05,,Active,19.0,
1267,1267,2,2024-12-13,,Active,39.0,
1268,1268,2,2025-12-22,,Active,39.0,
1269,1269,1,2025-06-14,,Active,19.0,
1270,1270,1,2024-05-16,,Active,19.0,
1271,1271,1,2025-03-03,,Active,19.0,
1272,1272,2,2026-05-12,,Active,39.0,
1273,1273,2,2024-04-13,,Active,39.0,
1274,1274,3,2025-07-09,,Active,69.0,
1275,1275,2,2026-02-13,,Active,39.0,
1276,1276,4,2024-03-04,,Active,119.0,
1277,1277,1,2025-06-24,2026-08-05,Churned,19.0,Funcionalidades
1278,1278,3,2024-03-07,,Active,69.0,
1279,1279,4,2024-06-14,,Active,119.0,
1280,1280,2,2026-07-07,,Active,39.0,
1281,1281,1,2024-04-22,2024-10-18,Churned,19.0,Precio
1282,1282,2,2024-10-05,,Active,39.0,
1283,1283,2,2025-11-18,2026-09-26,Churned,39.0,Competencia
1284,1284,2,2024-09-26,,Active,39.0,
1285,1285,1,2025-03-19,,Active,19.0,
1286,1286,1,2026-02-27,,Active,19.0,
1287,1287,1,2026-06-11,,Active,19.0,
1288,1288,1,2025-04-19,,Active,19.0,
1289,1289,3,2026-04-06,,Active,69.0,
1290,1290,3,2024-08-18,,Active,69.0,
1291,1291,2,2025-12-08,,Active,39.0,
1292,1292,3,2026-03-26,,Active,69.0,
1293,1293,2,2026-01-16,,Active,39.0,
1294,1294,1,2026-02-01,,Active,19.0,
1295,1295,2,2025-10-18,,Active,39.0,
1296,1296,1,2025-11-03,,Active,19.0,
1297,1297,2,2023-11-15,,Active,39.0,
1298,1298,3,2026-07-07,2026-08-22,Churned,69.0,Precio
1299,1299,1,2024-11-06,,Active,19.0,
1300,1300,2,2023-11-08,2025-11-09,Churned,39.0,Precio
1301,1301,1,2025-04-20,,Active,19.0,
1302,1302,1,2024-10-28,,Active,19.0,
1303,1303,2,2024-04-01,,Active,39.0,
1304,1304,2,2024-02-06,,Active,39.0,
1305,1305,4,2025-08-25,,Active,119.0,
1306,1306,1,2025-10-02,,Active,19.0,
1307,1307,1,2024-05-10,,Active,19.0,
1308,1308,3,2024-09-17,,Active,69.0,
1309,1309,1,2025-12-28,,Active,19.0,
1310,1310,1,2026-08-09,2026-08-29,Churned,19.0,Funcionalidades
1311,1311,1,2023-11-27,,Active,19.0,
1312,1312,1,2024-01-06,,Active,19.0,
1313,1313,4,2026-09-01,,Active,119.0,
1314,1314,3,2024-08-27,,Active,69.0,
1315,1315,2,2023-11-28,,Active,39.0,
1316,1316,4,2024-04-21,,Active,119.0,
1317,1317,2,2025-05-30,,Active,39.0,
1318,1318,1,2025-10-14,,Active,19.0,
1319,1319,1,2024-12-12,,Active,19.0,
1320,1320,1,2024-08-28,,Active,19.0,
1321,1321,3,2024-04-05,,Active,69.0,
1322,1322,2,2023-11-11,,Active,39.0,
1323,1323,1,2024-09-29,,Active,19.0,
1324,1324,2,2024-02-27,,Active,39.0,
1325,1325,2,2023-12-15,2024-01-05,Churned,39.0,Soporte
1326,1326,2,2024-05-16,,Active,39.0,
1327,1327,3,2024-04-13,,Active,69.0,
1328,1328,2,2024-10-13,,Active,39.0,
1329,1329,2,2024-02-08,,Active,39.0,
1330,1330,2,2024-01-05,,Active,39.0,
1331,1331,2,2024-03-06,,Active,39.0,
1332,1332,2,2026-03-15,,Active,39.0,
1333,1333,4,2025-02-20,,Active,119.0,
1334,1334,2,2024-09-12,,Active,39.0,
1335,1335,4,2025-08-18,2026-02-27,Churned,119.0,Precio
1336,1336,1,2025-01-27,,Active,19.0,
1337,1337,2,2026-07-15,2026-09-15,Churned,39.0,Competencia
1338,1338,2,2025-03-15,,Active,39.0,
1339,1339,2,2025-04-23,,Active,39.0,
1340,1340,4,2025-11-04,,Active,119.0,
1341,1341,4,2025-03-11,2025-09-25,Churned,119.0,Funcionalidades
1342,1342,3,2024-09-01,,Active,69.0,
1343,1343,4,2025-11-19,2026-09-05,Churned,119.0,Funcionalidades
1344,1344,2,2024-10-11,,Active,39.0,
1345,1345,3,2024-05-19,,Active,69.0,
1346,1346,4,2024-03-08,,Active,119.0,
1347,1347,2,2026-06-07,2026-08-15,Churned,39.0,Soporte
1348,1348,3,2024-01-14,,Active,69.0,
1349,1349,2,2024-01-23,,Active,39.0,
1350,1350,4,2025-05-22,,Active,119.0,
1351,1351,1,2026-07-18,,Active,19.0,
1352,1352,1,2024-03-20,2024-04-16,Churned,19.0,Precio
1353,1353,2,2024-11-20,,Active,39.0,
1354,1354,2,2024-02-20,,Active,39.0,
1355,1355,4,2024-10-03,,Active,119.0,
1356,1356,2,2026-02-17,,Active,39.0,
1357,1357,2,2025-10-19,,Active,39.0,
1358,1358,2,2024-01-21,,Active,39.0,
1359,1359,2,2024-05-23,2025-12-06,Churned,39.0,Bajo uso
1360,1360,2,2026-05-17,2026-06-13,Churned,39.0,Bajo uso
1361,1361,2,2026-06-09,2026-09-28,Churned,39.0,Bajo uso
1362,1362,2,2024-04-19,,Active,39.0,
1363,1363,2,2025-01-22,,Active,39.0,
1364,1364,3,2025-05-10,,Active,69.0,
1365,1365,2,2025-07-07,,Active,39.0,
1366,1366,2,2024-02-04,,Active,39.0,
1367,1367,3,2024-09-06,,Active,69.0,
1368,1368,3,2024-06-05,,Active,69.0,
1369,1369,2,2026-01-22,,Active,39.0,
1370,1370,1,2024-06-17,,Active,19.0,
1371,1371,1,2024-08-01,,Active,19.0,
1372,1372,2,2024-07-30,,Active,39.0,
1373,1373,1,2026-05-15,,Active,19.0,
1374,1374,1,2024-11-21,,Active,19.0,
1375,1375,1,2024-06-01,2024-08-23,Churned,19.0,Precio
1376,1376,2,2025-07-07,,Active,39.0,
1377,1377,1,2025-09-19,,Active,19.0,
1378,1378,3,2023-10-27,,Active,69.0,
1379,1379,3,2026-01-14,,Active,69.0,
1380,1380,1,2026-03-24,,Active,19.0,
1381,1381,1,2025-10-10,,Active,19.0,
1382,1382,1,2025-11-05,,Active,19.0,
1383,1383,3,2024-10-13,,Active,69.0,
1384,1384,4,2025-06-12,,Active,119.0,
1385,1385,3,2024-11-22,,Active,69.0,
1386,1386,3,2025-06-18,,Active,69.0,
1387,1387,1,2025-04-09,,Active,19.0,
1388,1388,2,2026-03-30,,Active,39.0,
1389,1389,2,2023-12-15,,Active,39.0,
1390,1390,4,2024-04-18,,Active,119.0,
1391,1391,2,2026-06-22,,Active,39.0,
1392,1392,2,2025-06-26,,Active,39.0,
1393,1393,1,2025-11-17,,Active,19.0,
1394,1394,4,2024-03-12,,Active,119.0,
1395,1395,1,2024-05-08,,Active,19.0,
1396,1396,1,2025-02-09,,Active,19.0,
1397,1397,1,2024-06-22,,Active,19.0,
1398,1398,2,2025-09-07,,Active,39.0,
1399,1399,3,2025-07-23,,Active,69.0,
1400,1400,1,2025-05-31,,Active,19.0,
1401,1401,4,2025-03-13,,Active,119.0,
1402,1402,1,2026-01-27,,Active,19.0,
1403,1403,3,2026-08-02,2026-10-01,Churned,69.0,Soporte
1404,1404,2,2025-09-20,2026-04-29,Churned,39.0,Precio
1405,1405,3,2025-06-27,,Active,69.0,
1406,1406,1,2023-12-22,,Active,19.0,
1407,1407,2,2024-04-19,,Active,39.0,
1408,1408,2,2024-05-17,,Active,39.0,
1409,1409,4,2023-11-01,,Active,119.0,
1410,1410,4,2026-03-16,,Active,119.0,
1411,1411,3,2025-12-18,,Active,69.0,
1412,1412,3,2025-11-29,,Active,69.0,
1413,1413,3,2025-12-02,,Active,69.0,
1414,1414,1,2025-03-28,,Active,19.0,
1415,1415,2,2024-10-22,,Active,39.0,
1416,1416,1,2025-09-08,,Active,19.0,
1417,1417,4,2026-03-09,,Active,119.0,
1418,1418,3,2026-07-03,,Active,69.0,
1419,1419,1,2024-11-16,,Active,19.0,
1420,1420,1,2026-03-07,,Active,19.0,
1421,1421,1,2026-04-01,,Active,19.0,
1422,1422,4,2024-02-04,,Active,119.0,
1423,1423,1,2024-02-03,,Active,19.0,
1424,1424,3,2026-01-24,,Active,69.0,
1425,1425,1,2025-12-25,,Active,19.0,
1426,1426,3,2024-07-10,,Active,69.0,
1427,1427,2,2024-06-13,,Active,39.0,
1428,1428,2,2024-03-09,,Active,39.0,
1429,1429,3,2026-03-28,,Active,69.0,
1430,1430,3,2025-04-09,,Active,69.0,
1431,1431,3,2026-05-24,,Active,69.0,
1432,1432,2,2024-04-23,,Active,39.0,
1433,1433,3,2026-05-01,,Active,69.0,
1434,1434,2,2025-07-02,,Active,39.0,
1435,1435,1,2024-11-02,,Active,19.0,
1436,1436,1,2025-10-09,,Active,19.0,
1437,1437,3,2026-05-22,,Active,69.0,
1438,1438,1,2026-05-29,,Active,19.0,
1439,1439,1,2023-10-21,,Active,19.0,
1440,1440,2,2025-10-13,,Active,39.0,
1441,1441,3,2024-12-28,,Active,69.0,
1442,1442,1,2024-07-16,,Active,19.0,
1443,1443,2,2023-10-27,,Active,39.0,
1444,1444,2,2024-06-21,,Active,39.0,
1445,1445,1,2023-12-01,,Active,19.0,
1446,1446,1,2025-11-25,,Active,19.0,
1447,1447,2,2025-08-03,,Active,39.0,
1448,1448,1,2025-02-24,,Active,19.0,
1449,1449,3,2025-05-14,,Active,69.0,
1450,1450,3,2026-05-12,,Active,69.0,
1451,1451,1,2024-05-09,,Active,19.0,
1452,1452,1,2024-03-06,,Active,19.0,
1453,1453,1,2026-05-24,,Active,19.0,
1454,1454,2,2025-06-07,,Active,39.0,
1455,1455,3,2024-03-25,,Active,69.0,
1456,1456,3,2026-07-24,2026-09-01,Churned,69.0,Bajo uso
1457,1457,2,2025-05-22,,Active,39.0,
1458,1458,1,2025-12-25,,Active,19.0,
1459,1459,2,2025-06-13,,Active,39.0,
1460,1460,1,2024-06-26,2026-07-18,Churned,19.0,Precio
1461,1461,1,2025-01-31,,Active,19.0,
1462,1462,3,2024-02-10,,Active,69.0,
1463,1463,4,2025-09-30,,Active,119.0,
1464,1464,3,2024-08-29,,Active,69.0,
1465,1465,1,2023-11-15,,Active,19.0,
1466,1466,1,2024-06-12,,Active,19.0,
1467,1467,1,2025-01-12,,Active,19.0,
1468,1468,3,2024-10-06,,Active,69.0,
1469,1469,2,2025-04-21,,Active,39.0,
1470,1470,3,2024-02-08,,Active,69.0,
1471,1471,1,2024-08-26,,Active,19.0,
1472,1472,2,2025-08-21,,Active,39.0,
1473,1473,1,2026-04-15,,Active,19.0,
1474,1474,2,2023-12-17,,Active,39.0,
1475,1475,3,2026-06-16,,Active,69.0,
1476,1476,1,2025-02-27,,Active,19.0,
1477,1477,2,2024-01-10,,Active,39.0,
1478,1478,2,2026-02-25,,Active,39.0,
1479,1479,3,2024-07-25,,Active,69.0,
1480,1480,4,2025-12-24,,Active,119.0,
1481,1481,2,2025-10-22,,Active,39.0,
1482,1482,1,2024-07-05,2024-08-02,Churned,19.0,Funcionalidades
1483,1483,1,2024-10-02,,Active,19.0,
1484,1484,3,2023-11-27,,Active,69.0,
1485,1485,2,2025-12-19,,Active,39.0,
1486,1486,3,2026-06-23,,Active,69.0,
1487,1487,3,2024-11-04,,Active,69.0,
1488,1488,2,2024-05-05,,Active,39.0,
1489,1489,1,2024-09-01,,Active,19.0,
1490,1490,4,2024-05-23,2025-03-08,Churned,119.0,Bajo uso
1491,1491,1,2024-09-26,2026-06-20,Churned,19.0,Precio
1492,1492,1,2024-07-30,,Active,19.0,
1493,1493,3,2025-06-19,,Active,69.0,
1494,1494,2,2025-12-29,2026-02-24,Churned,39.0,Bajo uso
1495,1495,1,2025-05-27,2025-12-12,Churned,19.0,Funcionalidades
1496,1496,2,2023-12-06,,Active,39.0,
1497,1497,3,2026-06-14,,Active,69.0,
1498,1498,3,2023-12-27,,Active,69.0,
1499,1499,2,2025-11-18,,Active,39.0,
1500,1500,1,2026-03-12,,Active,19.0,
1501,1501,2,2025-10-19,,Active,39.0,
1502,1502,4,2023-11-13,,Active,119.0,
1503,1503,1,2026-04-03,,Active,19.0,
1504,1504,4,2024-03-12,,Active,119.0,
1505,1505,1,2025-12-22,,Active,19.0,
1506,1506,1,2025-06-27,,Active,19.0,
1507,1507,1,2024-01-20,,Active,19.0,
1508,1508,1,2025-05-30,,Active,19.0,
1509,1509,1,2026-03-07,,Active,19.0,
1510,1510,1,2026-01-20,,Active,19.0,
1511,1511,1,2023-10-19,,Active,19.0,
1512,1512,3,2024-05-05,,Active,69.0,
1513,1513,2,2024-01-11,2026-02-05,Churned,39.0,Funcionalidades
1514,1514,1,2026-08-06,2026-09-22,Churned,19.0,Precio
1515,1515,1,2025-06-04,,Active,19.0,
1516,1516,1,2025-07-24,,Active,19.0,
1517,1517,3,2024-09-29,2026-01-10,Churned,69.0,Bajo uso
1518,1518,1,2024-08-07,,Active,19.0,
1519,1519,3,2025-05-07,,Active,69.0,
1520,1520,2,2026-07-30,2026-08-27,Churned,39.0,Soporte
1521,1521,3,2025-11-10,,Active,69.0,
1522,1522,2,2026-06-19,,Active,39.0,
1523,1523,2,2026-04-25,,Active,39.0,
1524,1524,1,2024-07-09,,Active,19.0,
1525,1525,1,2025-09-08,,Active,19.0,
1526,1526,3,2026-03-19,,Active,69.0,
1527,1527,2,2024-11-05,,Active,39.0,
1528,1528,1,2024-10-06,2025-12-14,Churned,19.0,Bajo uso
1529,1529,2,2024-10-16,,Active,39.0,
1530,1530,2,2024-12-28,,Active,39.0,
1531,1531,1,2024-10-23,2025-10-24,Churned,19.0,Funcionalidades
1532,1532,4,2023-12-10,,Active,119.0,
1533,1533,1,2024-08-18,,Active,19.0,
1534,1534,3,2025-04-27,2026-07-30,Churned,69.0,Precio
1535,1535,2,2026-06-24,2026-09-23,Churned,39.0,Funcionalidades
1536,1536,1,2024-01-22,,Active,19.0,
1537,1537,1,2024-02-06,,Active,19.0,
1538,1538,2,2026-03-18,,Active,39.0,
1539,1539,2,2025-04-27,,Active,39.0,
1540,1540,2,2026-04-05,,Active,39.0,
1541,1541,1,2024-08-24,,Active,19.0,
1542,1542,1,2024-06-11,,Active,19.0,
1543,1543,2,2025-03-25,,Active,39.0,
1544,1544,1,2025-03-19,,Active,19.0,
1545,1545,1,2025-04-17,,Active,19.0,
1546,1546,2,2024-09-27,,Active,39.0,
1547,1547,3,2026-05-08,,Active,69.0,
1548,1548,1,2024-06-11,,Active,19.0,
1549,1549,3,2024-07-08,,Active,69.0,
1550,1550,2,2025-09-30,,Active,39.0,
1551,1551,4,2025-01-07,,Active,119.0,
1552,1552,1,2025-09-10,,Active,19.0,
1553,1553,2,2025-01-31,,Active,39.0,
1554,1554,1,2026-07-30,,Active,19.0,
1555,1555,3,2024-08-29,,Active,69.0,
1556,1556,1,2023-10-21,,Active,19.0,
1557,1557,1,2025-05-10,,Active,19.0,
1558,1558,2,2025-05-20,,Active,39.0,
1559,1559,3,2026-07-18,,Active,69.0,
1560,1560,2,2025-07-10,,Active,39.0,
1561,1561,2,2023-12-22,,Active,39.0,
1562,1562,3,2024-04-07,,Active,69.0,
1563,1563,4,2024-05-27,,Active,119.0,
1564,1564,2,2024-02-26,,Active,39.0,
1565,1565,1,2025-12-03,,Active,19.0,
1566,1566,2,2023-10-29,,Active,39.0,
1567,1567,2,2026-01-26,,Active,39.0,
1568,1568,2,2025-12-20,,Active,39.0,
1569,1569,1,2023-11-19,2026-03-12,Churned,19.0,Competencia
1570,1570,3,2026-06-28,,Active,69.0,
1571,1571,1,2024-05-30,,Active,19.0,
1572,1572,1,2026-04-27,,Active,19.0,
1573,1573,4,2023-11-23,,Active,119.0,
1574,1574,1,2024-09-15,2026-01-08,Churned,19.0,Precio
1575,1575,2,2024-02-13,,Active,39.0,
1576,1576,1,2026-08-08,,Active,19.0,
1577,1577,2,2026-05-21,,Active,39.0,
1578,1578,2,2026-03-19,,Active,39.0,
1579,1579,1,2024-07-29,,Active,19.0,
1580,1580,1,2025-03-04,,Active,19.0,
1581,1581,1,2025-09-13,,Active,19.0,
1582,1582,4,2023-11-21,2026-02-18,Churned,119.0,Funcionalidades
1583,1583,3,2025-04-14,,Active,69.0,
1584,1584,3,2026-05-29,,Active,69.0,
1585,1585,2,2025-03-07,,Active,39.0,
1586,1586,3,2025-01-04,,Active,69.0,
1587,1587,1,2026-09-09,,Active,19.0,
1588,1588,2,2024-05-07,,Active,39.0,
1589,1589,2,2024-05-25,,Active,39.0,
1590,1590,1,2025-05-18,,Active,19.0,
1591,1591,3,2025-06-20,,Active,69.0,
1592,1592,3,2025-10-09,,Active,69.0,
1593,1593,2,2024-04-14,,Active,39.0,
1594,1594,2,2025-12-25,,Active,39.0,
1595,1595,3,2025-03-20,2026-06-13,Churned,69.0,Funcionalidades
1596,1596,4,2025-12-22,,Active,119.0,
1597,1597,2,2026-02-05,,Active,39.0,
1598,1598,2,2024-01-29,,Active,39.0,
1599,1599,3,2025-03-07,,Active,69.0,
1600,1600,4,2024-03-03,,Active,119.0,
1601,1601,3,2026-05-17,,Active,69.0,
1602,1602,3,2026-08-20,,Active,69.0,
1603,1603,2,2024-07-10,,Active,39.0,
1604,1604,2,2025-12-19,,Active,39.0,
1605,1605,1,2025-03-17,,Active,19.0,
1606,1606,1,2026-02-05,,Active,19.0,
1607,1607,2,2025-03-28,,Active,39.0,
1608,1608,3,2025-12-05,,Active,69.0,
1609,1609,4,2026-08-11,,Active,119.0,
1610,1610,3,2024-05-01,,Active,69.0,
1611,1611,3,2026-01-31,,Active,69.0,
1612,1612,1,2025-05-04,2026-06-02,Churned,19.0,Competencia
1613,1613,2,2024-11-17,2026-08-03,Churned,39.0,Soporte
1614,1614,1,2025-11-12,,Active,19.0,
1615,1615,2,2025-09-10,,Active,39.0,
1616,1616,1,2023-12-07,,Active,19.0,
1617,1617,1,2026-04-27,2026-06-26,Churned,19.0,Funcionalidades
1618,1618,1,2025-12-16,,Active,19.0,
1619,1619,1,2026-02-04,,Active,19.0,
1620,1620,1,2025-05-28,2026-05-28,Churned,19.0,Competencia
1621,1621,2,2024-01-02,,Active,39.0,
1622,1622,1,2024-08-29,,Active,19.0,
1623,1623,2,2026-01-03,,Active,39.0,
1624,1624,1,2024-08-02,,Active,19.0,
1625,1625,1,2025-06-18,,Active,19.0,
1626,1626,1,2025-10-26,,Active,19.0,
1627,1627,2,2025-02-09,,Active,39.0,
1628,1628,1,2025-11-15,,Active,19.0,
1629,1629,2,2026-09-09,,Active,39.0,
1630,1630,2,2024-05-13,2024-09-19,Churned,39.0,Precio
1631,1631,2,2024-02-24,,Active,39.0,
1632,1632,1,2024-12-29,,Active,19.0,
1633,1633,3,2024-02-09,,Active,69.0,
1634,1634,2,2023-11-24,,Active,39.0,
1635,1635,1,2025-04-26,,Active,19.0,
1636,1636,1,2025-08-05,,Active,19.0,
1637,1637,1,2024-01-11,,Active,19.0,
1638,1638,3,2026-06-28,,Active,69.0,
1639,1639,3,2024-06-01,,Active,69.0,
1640,1640,1,2026-06-17,,Active,19.0,
1641,1641,2,2026-08-09,2026-09-14,Churned,39.0,Competencia
1642,1642,1,2026-07-19,,Active,19.0,
1643,1643,4,2024-04-18,,Active,119.0,
1644,1644,3,2024-11-03,,Active,69.0,
1645,1645,1,2026-03-24,,Active,19.0,
1646,1646,2,2024-01-21,2024-04-16,Churned,39.0,Precio
1647,1647,3,2025-04-04,2025-11-01,Churned,69.0,Soporte
1648,1648,3,2026-09-13,2026-10-02,Churned,69.0,Precio
1649,1649,4,2024-10-08,,Active,119.0,
1650,1650,2,2024-02-21,,Active,39.0,
1651,1651,1,2024-05-01,,Active,19.0,
1652,1652,1,2025-12-02,,Active,19.0,
1653,1653,4,2024-01-12,,Active,119.0,
1654,1654,2,2024-02-01,,Active,39.0,
1655,1655,1,2024-06-23,,Active,19.0,
1656,1656,2,2026-06-13,,Active,39.0,
1657,1657,1,2024-12-18,,Active,19.0,
1658,1658,2,2024-08-30,2025-05-21,Churned,39.0,Competencia
1659,1659,2,2025-02-03,,Active,39.0,
1660,1660,3,2024-06-06,2026-08-26,Churned,69.0,Competencia
1661,1661,1,2025-03-20,,Active,19.0,
1662,1662,2,2024-11-05,,Active,39.0,
1663,1663,2,2024-01-31,,Active,39.0,
1664,1664,2,2025-06-07,,Active,39.0,
1665,1665,2,2026-09-11,,Active,39.0,
1666,1666,3,2025-11-01,,Active,69.0,
1667,1667,1,2024-10-28,,Active,19.0,
1668,1668,3,2024-01-29,,Active,69.0,
1669,1669,2,2024-07-17,,Active,39.0,
1670,1670,1,2023-11-19,2025-04-17,Churned,19.0,Soporte
1671,1671,1,2025-06-20,,Active,19.0,
1672,1672,2,2025-01-08,,Active,39.0,
1673,1673,1,2025-05-08,,Active,19.0,
1674,1674,1,2024-08-12,,Active,19.0,
1675,1675,1,2025-05-28,,Active,19.0,
1676,1676,2,2023-10-26,,Active,39.0,
1677,1677,1,2025-03-10,,Active,19.0,
1678,1678,1,2024-06-23,,Active,19.0,
1679,1679,3,2023-11-16,,Active,69.0,
1680,1680,2,2023-12-17,,Active,39.0,
1681,1681,1,2025-01-06,,Active,19.0,
1682,1682,2,2025-03-10,,Active,39.0,
1683,1683,3,2025-07-13,,Active,69.0,
1684,1684,2,2025-10-25,,Active,39.0,
1685,1685,2,2026-04-01,,Active,39.0,
1686,1686,3,2024-04-30,,Active,69.0,
1687,1687,1,2024-04-03,,Active,19.0,
1688,1688,2,2026-07-24,,Active,39.0,
1689,1689,2,2024-12-02,,Active,39.0,
1690,1690,2,2024-12-30,,Active,39.0,
1691,1691,2,2024-05-17,,Active,39.0,
1692,1692,1,2024-05-08,,Active,19.0,
1693,1693,3,2026-08-19,,Active,69.0,
1694,1694,1,2024-10-16,,Active,19.0,
1695,1695,2,2025-10-14,,Active,39.0,
1696,1696,1,2025-07-23,,Active,19.0,
1697,1697,1,2025-05-19,2026-01-20,Churned,19.0,Precio
1698,1698,3,2024-08-20,,Active,69.0,
1699,1699,2,2026-03-12,,Active,39.0,
1700,1700,4,2024-04-17,,Active,119.0,
1701,1701,4,2024-01-25,,Active,119.0,
1702,1702,2,2024-05-08,,Active,39.0,
1703,1703,2,2026-08-09,,Active,39.0,
1704,1704,2,2026-09-08,,Active,39.0,
1705,1705,3,2025-10-20,,Active,69.0,
1706,1706,3,2025-10-09,,Active,69.0,
1707,1707,1,2026-02-05,,Active,19.0,
1708,1708,1,2023-11-23,,Active,19.0,
1709,1709,3,2025-07-16,,Active,69.0,
1710,1710,2,2024-06-24,,Active,39.0,
1711,1711,2,2025-03-26,,Active,39.0,
1712,1712,1,2024-11-03,,Active,19.0,
1713,1713,2,2024-11-14,,Active,39.0,
1714,1714,1,2024-03-30,,Active,19.0,
1715,1715,2,2024-12-23,,Active,39.0,
1716,1716,2,2024-06-13,,Active,39.0,
1717,1717,2,2025-11-21,,Active,39.0,
1718,1718,2,2024-12-16,,Active,39.0,
1719,1719,1,2026-07-05,,Active,19.0,
1720,1720,2,2025-01-28,,Active,39.0,
1721,1721,1,2024-08-18,,Active,19.0,
1722,1722,1,2026-03-09,,Active,19.0,
1723,1723,2,2024-10-09,,Active,39.0,
1724,1724,1,2025-04-17,,Active,19.0,
1725,1725,3,2025-07-27,,Active,69.0,
1726,1726,2,2026-07-05,,Active,39.0,
1727,1727,3,2025-09-15,,Active,69.0,
1728,1728,2,2024-10-22,,Active,39.0,
1729,1729,4,2024-01-20,,Active,119.0,
1730,1730,1,2026-01-29,,Active,19.0,
1731,1731,2,2025-12-27,,Active,39.0,
1732,1732,2,2026-04-04,,Active,39.0,
1733,1733,1,2023-10-20,,Active,19.0,
1734,1734,2,2025-04-20,,Active,39.0,
1735,1735,1,2026-09-08,,Active,19.0,
1736,1736,2,2026-04-15,,Active,39.0,
1737,1737,3,2024-08-04,,Active,69.0,
1738,1738,3,2025-03-28,,Active,69.0,
1739,1739,2,2025-06-14,,Active,39.0,
1740,1740,2,2025-07-22,,Active,39.0,
1741,1741,2,2025-08-19,,Active,39.0,
1742,1742,1,2024-05-31,,Active,19.0,
1743,1743,2,2026-03-31,2026-07-13,Churned,39.0,Competencia
1744,1744,4,2025-06-27,2026-01-10,Churned,119.0,Soporte
1745,1745,3,2026-02-12,,Active,69.0,
1746,1746,1,2024-05-02,,Active,19.0,
1747,1747,1,2026-06-05,,Active,19.0,
1748,1748,1,2025-10-24,,Active,19.0,
1749,1749,1,2024-02-18,,Active,19.0,
1750,1750,1,2025-05-10,,Active,19.0,
1751,1751,3,2024-10-27,,Active,69.0,
1752,1752,2,2023-12-20,,Active,39.0,
1753,1753,1,2024-08-08,,Active,19.0,
1754,1754,1,2026-09-07,,Active,19.0,
1755,1755,2,2026-05-16,,Active,39.0,
1756,1756,3,2024-11-26,,Active,69.0,
1757,1757,1,2024-11-06,,Active,19.0,
1758,1758,1,2026-03-23,,Active,19.0,
1759,1759,2,2024-07-28,2026-07-24,Churned,39.0,Bajo uso
1760,1760,2,2024-04-26,,Active,39.0,
1761,1761,1,2024-11-23,,Active,19.0,
1762,1762,3,2026-09-09,,Active,69.0,
1763,1763,3,2024-02-17,,Active,69.0,
1764,1764,1,2026-06-21,,Active,19.0,
1765,1765,1,2026-06-13,2026-07-01,Churned,19.0,Precio
1766,1766,3,2026-06-24,2026-08-22,Churned,69.0,Funcionalidades
1767,1767,2,2026-06-10,,Active,39.0,
1768,1768,1,2025-01-23,,Active,19.0,
1769,1769,1,2026-05-06,,Active,19.0,
1770,1770,1,2025-05-31,,Active,19.0,
1771,1771,4,2024-09-04,,Active,119.0,
1772,1772,3,2023-11-28,,Active,69.0,
1773,1773,1,2025-01-23,,Active,19.0,
1774,1774,1,2025-05-07,,Active,19.0,
1775,1775,3,2025-05-24,,Active,69.0,
1776,1776,1,2024-02-01,,Active,19.0,
1777,1777,1,2025-01-01,,Active,19.0,
1778,1778,1,2023-10-22,2025-02-10,Churned,19.0,Funcionalidades
1779,1779,2,2026-02-26,,Active,39.0,
1780,1780,2,2026-06-10,,Active,39.0,
1781,1781,2,2024-06-30,,Active,39.0,
1782,1782,2,2026-06-11,,Active,39.0,
1783,1783,3,2026-07-31,2026-09-16,Churned,69.0,Precio
1784,1784,1,2025-09-09,,Active,19.0,
1785,1785,1,2025-09-23,,Active,19.0,
1786,1786,1,2024-04-08,,Active,19.0,
1787,1787,1,2026-02-26,,Active,19.0,
1788,1788,2,2026-07-02,2026-08-08,Churned,39.0,Bajo uso
1789,1789,2,2023-11-21,,Active,39.0,
1790,1790,1,2024-12-27,,Active,19.0,
1791,1791,3,2025-08-03,,Active,69.0,
1792,1792,3,2025-11-15,,Active,69.0,
1793,1793,2,2025-09-03,,Active,39.0,
1794,1794,1,2024-04-16,,Active,19.0,
1795,1795,3,2023-11-07,2025-11-30,Churned,69.0,Bajo uso
1796,1796,2,2025-07-07,,Active,39.0,
1797,1797,3,2023-11-12,,Active,69.0,
1798,1798,4,2024-08-14,,Active,119.0,
1799,1799,1,2024-11-11,,Active,19.0,
1800,1800,2,2024-08-17,,Active,39.0,
